N,rep,estimator,outcome_model,seed,ate_hat,ate_se,wall_s
1000,raw,dr,lgbm,0,0.248697335027241,0.22028585775685544,11.654597282409668
1000,raw,dr,linear,0,0.05497488232367237,0.31021188705882324,0.1479339599609375
1000,concept,dr,lgbm,0,0.06663352935734213,0.03066372099290728,4.114563226699829
1000,concept,dr,linear,0,0.06315710028999921,0.030164303609698937,0.015095233917236328
1000,learned,dr,lgbm,0,0.05252003362266908,0.0502865175157662,3.2756967544555664
1000,learned,dr,linear,0,-0.04607061767166282,0.09300675560546293,0.014802932739257812
1000,raw,dr,lgbm,1,0.20542245534450498,0.17074485012583732,5.055692911148071
1000,raw,dr,linear,1,0.1369471389151004,0.24789469693341928,0.15636372566223145
1000,concept,dr,lgbm,1,0.05527748396718117,0.02328757918134868,3.8792741298675537
1000,concept,dr,linear,1,0.061477466444053504,0.026421844333695748,0.015140056610107422
1000,learned,dr,lgbm,1,0.10196237131984534,0.038711697893489806,2.8902390003204346
1000,learned,dr,linear,1,0.14371920058465895,0.05183848575760821,0.014300107955932617
1000,raw,dr,lgbm,2,0.4326859723959214,0.20339364191978954,4.373470067977905
1000,raw,dr,linear,2,0.8565712108210821,0.28669998173272704,0.16570377349853516
1000,concept,dr,lgbm,2,0.05877690879099088,0.025866175847016254,3.212862014770508
1000,concept,dr,linear,2,0.05226985645908373,0.032791889385754544,0.015291690826416016
1000,learned,dr,lgbm,2,0.06348815619322004,0.044460063249153706,3.469088077545166
1000,learned,dr,linear,2,0.08076251786552494,0.047347667709169726,0.01670098304748535
1000,raw,dr,lgbm,3,0.3364610949893149,0.1880636942896731,4.709242820739746
1000,raw,dr,linear,3,0.6704638943441301,0.2553695757188709,0.1471099853515625
1000,concept,dr,lgbm,3,0.06240653507810422,0.02184977497504384,3.9131979942321777
1000,concept,dr,linear,3,0.058802499827595674,0.02578217943724698,0.015367984771728516
1000,learned,dr,lgbm,3,0.1335719356355138,0.03675424943957104,3.407231092453003
1000,learned,dr,linear,3,0.10567700545879988,0.0341984153062322,0.013189077377319336
1000,raw,dr,lgbm,4,-0.11614702392093734,0.18276822888758001,4.372127056121826
1000,raw,dr,linear,4,-0.11719616236675165,0.24556321964219863,0.15416932106018066
1000,concept,dr,lgbm,4,0.07585763058250232,0.02424527251819029,3.706925868988037
1000,concept,dr,linear,4,0.044148931678809296,0.026823832417293265,0.015687942504882812
1000,learned,dr,lgbm,4,0.08770344642535062,0.051974228608046846,2.967761278152466
1000,learned,dr,linear,4,0.21536380810884254,0.09087608441025613,0.011978864669799805
1000,raw,dr,lgbm,5,0.09580261247342171,0.16626988819669833,4.402496099472046
1000,raw,dr,linear,5,0.06860157364095008,0.22045664366978696,0.14977478981018066
1000,concept,dr,lgbm,5,0.05834050300124542,0.02324749853418871,3.985459089279175
1000,concept,dr,linear,5,0.029050478481178525,0.029975333248448758,0.015341997146606445
1000,learned,dr,lgbm,5,0.14680260343538382,0.05427344191347734,3.4902219772338867
1000,learned,dr,linear,5,0.2294791495426508,0.1705877971653425,0.01466512680053711
1000,raw,dr,lgbm,6,-0.009035532418952988,0.19622220801859422,4.804098129272461
1000,raw,dr,linear,6,0.3229150750557478,0.24977886835684796,0.15136981010437012
1000,concept,dr,lgbm,6,0.08109433989477183,0.028239911898792654,3.948103904724121
1000,concept,dr,linear,6,0.09439015233869241,0.030874429729889265,0.014471054077148438
1000,learned,dr,lgbm,6,0.14385642108287283,0.037553964793229797,3.214416742324829
1000,learned,dr,linear,6,0.16450862764545907,0.039845848543031706,0.014694929122924805
1000,raw,dr,lgbm,7,0.1354658817593344,0.18491281141768237,3.969139814376831
1000,raw,dr,linear,7,0.17151120231470923,0.2470118128767762,0.157304048538208
1000,concept,dr,lgbm,7,0.04839674513329972,0.027089873462273924,3.5763630867004395
1000,concept,dr,linear,7,0.0371999456299057,0.03011217266703547,0.019382953643798828
1000,learned,dr,lgbm,7,0.12103268950022018,0.03832297634759198,3.2909960746765137
1000,learned,dr,linear,7,0.13823902233251872,0.04712973370700693,0.01404118537902832
1000,raw,dr,lgbm,8,0.21784786959970107,0.167637297192241,4.677358150482178
1000,raw,dr,linear,8,0.44415972516755164,0.26788060923487633,0.1485579013824463
1000,concept,dr,lgbm,8,0.0714560816899558,0.021730910683741715,4.0959250926971436
1000,concept,dr,linear,8,0.0470221896653659,0.02906710195317837,0.013669013977050781
1000,learned,dr,lgbm,8,0.10596574285034262,0.06102952442119038,3.245037078857422
1000,learned,dr,linear,8,0.0784854018457193,0.06321437697435836,0.013393878936767578
1000,raw,dr,lgbm,9,0.31402080103093316,0.17835644545672596,4.177804946899414
1000,raw,dr,linear,9,0.3552476337865109,0.22395250475325518,0.15569519996643066
1000,concept,dr,lgbm,9,0.050850142391888,0.02386924266399579,3.786400079727173
1000,concept,dr,linear,9,0.019587094116533633,0.027712626220108685,0.014611959457397461
1000,learned,dr,lgbm,9,0.1226460177642758,0.03781169853079369,2.737076997756958
1000,learned,dr,linear,9,0.044138853967735744,0.08731309373711385,0.013643980026245117
2000,raw,dr,lgbm,0,0.17007566987641282,0.13275562161751336,5.573574066162109
2000,raw,dr,linear,0,0.12161466519350046,0.16833573264822274,0.3080601692199707
2000,concept,dr,lgbm,0,0.08220505433013804,0.018915598610546053,5.159372091293335
2000,concept,dr,linear,0,0.08015565228879463,0.020262835816514235,0.018371105194091797
2000,learned,dr,lgbm,0,0.09683179898772175,0.02375817128159309,4.325767993927002
2000,learned,dr,linear,0,0.09044509844985628,0.023315645262411783,0.017318010330200195
2000,raw,dr,lgbm,1,0.19760776588104578,0.10912176198877774,5.295464277267456
2000,raw,dr,linear,1,0.4258655040865812,0.15347017513180722,0.3168981075286865
2000,concept,dr,lgbm,1,0.06509254654166521,0.01768238449972626,4.649446964263916
2000,concept,dr,linear,1,0.053253950695654244,0.018499201489172584,0.015376091003417969
2000,learned,dr,lgbm,1,0.07411753936387717,0.02424173955422635,3.664853096008301
2000,learned,dr,linear,1,0.08360621352426045,0.024251146608579476,0.017644882202148438
2000,raw,dr,lgbm,2,0.2140978798630862,0.12023859474572444,5.5360119342803955
2000,raw,dr,linear,2,0.18181978573913787,0.15310918129143797,0.31774473190307617
2000,concept,dr,lgbm,2,0.04404508258629176,0.015593404448850396,5.067197799682617
2000,concept,dr,linear,2,0.04030521386912397,0.017633568576728976,0.022923946380615234
2000,learned,dr,lgbm,2,0.11153478919106284,0.029484884480145492,4.165317058563232
2000,learned,dr,linear,2,0.12392612445249754,0.04414614716622557,0.017480850219726562
2000,raw,dr,lgbm,3,0.3910813822914742,0.1189742668498097,5.254655838012695
2000,raw,dr,linear,3,0.46113496713355123,0.16226327103760996,0.3196110725402832
2000,concept,dr,lgbm,3,0.06617027405034447,0.015334758107410357,4.407896041870117
2000,concept,dr,linear,3,0.035439503998013176,0.017466174073497372,0.015930891036987305
2000,learned,dr,lgbm,3,0.06331418570126508,0.023561037472770868,4.183589935302734
2000,learned,dr,linear,3,0.06592494928399534,0.023442924841364544,0.022443056106567383
2000,raw,dr,lgbm,4,0.07333476163442043,0.10246496863416443,5.461393117904663
2000,raw,dr,linear,4,0.1571503769622261,0.15364296902338476,0.302091121673584
2000,concept,dr,lgbm,4,0.06407054740287144,0.015210770526352897,5.107892036437988
2000,concept,dr,linear,4,0.04715180748865811,0.017315631944086075,0.017988204956054688
2000,learned,dr,lgbm,4,0.10335168938493758,0.023677664261592797,4.130650997161865
2000,learned,dr,linear,4,0.09377154147684741,0.023807768653744305,0.01536417007446289
2000,raw,dr,lgbm,5,0.012177152601511162,0.12477801072082062,5.041738271713257
2000,raw,dr,linear,5,0.1694586288556044,0.16425353046832142,0.3050851821899414
2000,concept,dr,lgbm,5,0.050372109446385184,0.016182195929400067,4.124531984329224
2000,concept,dr,linear,5,0.027545737155654046,0.02122316063739788,0.016715049743652344
2000,learned,dr,lgbm,5,0.08842604279806908,0.025207749626632078,4.1973559856414795
2000,learned,dr,linear,5,0.07472115477148025,0.02388052957580787,0.01666402816772461
2000,raw,dr,lgbm,6,0.07685749393029354,0.12309835679876255,5.663857698440552
2000,raw,dr,linear,6,-0.014946868261217277,0.14975417267285768,0.31265997886657715
2000,concept,dr,lgbm,6,0.05998940438077024,0.014324829679770633,4.954923152923584
2000,concept,dr,linear,6,0.060665714577569904,0.0171996148512412,0.020984888076782227
2000,learned,dr,lgbm,6,0.12084982123367197,0.02299628900685136,4.272094011306763
2000,learned,dr,linear,6,0.14209915451773344,0.03291005119389337,0.021107912063598633
2000,raw,dr,lgbm,7,0.0353684252413383,0.12181905360040281,4.78048300743103
2000,raw,dr,linear,7,0.06644535118554214,0.16352386403075844,0.3223111629486084
2000,concept,dr,lgbm,7,0.037642173510854686,0.016158097376391227,4.2433998584747314
2000,concept,dr,linear,7,0.036189369423148675,0.023040658588371836,0.017874956130981445
2000,learned,dr,lgbm,7,0.10861752326661336,0.0249057231385351,3.1017258167266846
2000,learned,dr,linear,7,0.11110326489610384,0.024267887124719115,0.014421939849853516
2000,raw,dr,lgbm,8,0.3940982393994649,0.11921538468539328,5.455000162124634
2000,raw,dr,linear,8,0.6038979489166568,0.17498877157884907,0.3116762638092041
2000,concept,dr,lgbm,8,0.049087737494507046,0.01711859412844945,5.035994052886963
2000,concept,dr,linear,8,0.02722024797479629,0.018873859044923808,0.016943931579589844
2000,learned,dr,lgbm,8,0.08037476192877133,0.027305982590701803,4.350774049758911
2000,learned,dr,linear,8,0.07708683334870171,0.02489226796086412,0.017010211944580078
2000,raw,dr,lgbm,9,0.22494205767488426,0.12673353748210778,5.387730836868286
2000,raw,dr,linear,9,0.2941842902066702,0.17704816600835907,0.3100278377532959
2000,concept,dr,lgbm,9,0.05346564407528139,0.01496474987980316,4.2668678760528564
2000,concept,dr,linear,9,0.02438067785883161,0.02101341672274595,0.017700672149658203
2000,learned,dr,lgbm,9,0.11358906656482003,0.024794036777245697,3.8538968563079834
2000,learned,dr,linear,9,0.10708125393719714,0.024573219898639233,0.0176241397857666
5000,raw,dr,lgbm,0,0.06813201416602588,0.042411784040694386,5.81505274772644
5000,raw,dr,linear,0,0.06253276050610805,0.05053669434453971,0.6605992317199707
5000,concept,dr,lgbm,0,0.061178043135625707,0.009838930392620472,5.69481897354126
5000,concept,dr,linear,0,0.0499001117641624,0.011507614163783592,0.026029109954833984
5000,learned,dr,lgbm,0,0.08205661315777447,0.013982966250141709,5.38027811050415
5000,learned,dr,linear,0,0.08304947357760181,0.01412759516017041,0.02634119987487793
5000,raw,dr,lgbm,1,0.045755016566235075,0.03729030969237765,6.384986162185669
5000,raw,dr,linear,1,0.035844442518508164,0.05575519245782081,0.6545710563659668
5000,concept,dr,lgbm,1,0.058954095655021854,0.009585476501320517,5.194698095321655
5000,concept,dr,linear,1,0.047636996950278884,0.010984100878707962,0.025697946548461914
5000,learned,dr,lgbm,1,0.10198460530123898,0.013978075321452569,4.837863922119141
5000,learned,dr,linear,1,0.1024459825449187,0.01400559142196715,0.02593517303466797
5000,raw,dr,lgbm,2,0.08910499696463173,0.0389438160889454,5.973895072937012
5000,raw,dr,linear,2,0.10897872279589702,0.04908829402570537,0.7470688819885254
5000,concept,dr,lgbm,2,0.05113004630438254,0.009507081812040716,6.085067987442017
5000,concept,dr,linear,2,0.03417568425730375,0.012089051658738517,0.02634716033935547
5000,learned,dr,lgbm,2,0.06895809006786074,0.014172955777796823,5.467281103134155
5000,learned,dr,linear,2,0.06788340391015335,0.014429138237751712,0.027487993240356445
5000,raw,dr,lgbm,3,0.12543490537933139,0.03882065355746832,6.176285982131958
5000,raw,dr,linear,3,0.11749102235588758,0.0481825537382226,0.8479971885681152
5000,concept,dr,lgbm,3,0.0503648519471868,0.009985661101299401,5.456737995147705
5000,concept,dr,linear,3,0.02948781271410861,0.012089240979907375,0.023204803466796875
5000,learned,dr,lgbm,3,0.0826883670794929,0.01392496997267063,4.415294885635376
5000,learned,dr,linear,3,0.08682840639318648,0.01408770229969008,0.022804975509643555
5000,raw,dr,lgbm,4,0.03440355260902961,0.04021002135873853,5.805979013442993
5000,raw,dr,linear,4,0.06615858985248947,0.05007992092221036,0.6546761989593506
5000,concept,dr,lgbm,4,0.05930282453943671,0.009144414854696607,5.9232659339904785
5000,concept,dr,linear,4,0.04604196591488452,0.011336189226415294,0.026979923248291016
5000,learned,dr,lgbm,4,0.10339020573894522,0.014243646501260497,5.422845125198364
5000,learned,dr,linear,4,0.10273881058152497,0.01423881212298338,0.025956153869628906
5000,raw,dr,lgbm,5,0.021768545509091443,0.03883578544436395,5.9072418212890625
5000,raw,dr,linear,5,0.041615268220553336,0.05081847847167008,0.6638200283050537
5000,concept,dr,lgbm,5,0.0509004234252686,0.009297286460402763,5.299737215042114
5000,concept,dr,linear,5,0.035291523332469654,0.012525963448516628,0.03202509880065918
5000,learned,dr,lgbm,5,0.08512510760339283,0.014567844125109803,4.244404077529907
5000,learned,dr,linear,5,0.08667827408491112,0.014863904289048921,0.024246692657470703
5000,raw,dr,lgbm,6,0.021573174327408726,0.039104747175026426,6.18094277381897
5000,raw,dr,linear,6,0.0061130816013889085,0.05412370794476939,0.6670877933502197
5000,concept,dr,lgbm,6,0.0405026336509361,0.008854034539340352,6.055298089981079
5000,concept,dr,linear,6,0.02844719144514986,0.010629849071196976,0.025873184204101562
5000,learned,dr,lgbm,6,0.06700069507507071,0.013879738508396824,5.103070974349976
5000,learned,dr,linear,6,0.07351298182427347,0.014123580412713964,0.02548384666442871
5000,raw,dr,lgbm,7,0.04051256691016669,0.0382674755726158,5.801374912261963
5000,raw,dr,linear,7,0.037291712762580406,0.049649097435921094,0.8112771511077881
5000,concept,dr,lgbm,7,0.04622030975234838,0.009525717576613708,5.029886960983276
5000,concept,dr,linear,7,0.03547705168922111,0.01157312662215133,0.02397298812866211
5000,learned,dr,lgbm,7,0.09673428179303079,0.014239259228389926,3.9402589797973633
5000,learned,dr,linear,7,0.09714143285535994,0.014312078495445581,0.023353099822998047
5000,raw,dr,lgbm,8,0.0690348492342809,0.04504705661832024,6.332485198974609
5000,raw,dr,linear,8,0.10763128084852952,0.05692526694862899,0.6392202377319336
5000,concept,dr,lgbm,8,0.040229603601603575,0.00960482094157126,5.981965780258179
5000,concept,dr,linear,8,0.02390015518920878,0.011138697051896245,0.02565312385559082
5000,learned,dr,lgbm,8,0.06002725402214415,0.014131318100948344,5.1137919425964355
5000,learned,dr,linear,8,0.05885264401974578,0.01439723339658888,0.026491165161132812
5000,raw,dr,lgbm,9,0.1441963910128673,0.04668881960592355,5.795536994934082
5000,raw,dr,linear,9,0.15292151161276693,0.05523365322261934,0.6892499923706055
5000,concept,dr,lgbm,9,0.04675151144391918,0.009349465839277373,5.27961802482605
5000,concept,dr,linear,9,0.035528372921958165,0.01085458722032665,0.02592301368713379
5000,learned,dr,lgbm,9,0.08217089036645231,0.014194681807742054,3.749988079071045
5000,learned,dr,linear,9,0.08691827303838857,0.01425504530877186,0.02423882484436035
10000,raw,dr,lgbm,0,0.040797534387461185,0.015146191904150709,7.404375076293945
10000,raw,dr,linear,0,0.05537663522401205,0.0194494374071843,1.2531728744506836
10000,concept,dr,lgbm,0,0.0489835012042875,0.0064548688792048035,6.557196855545044
10000,concept,dr,linear,0,0.03976899169976092,0.007854702401164065,0.03839683532714844
10000,learned,dr,lgbm,0,0.07462959273219352,0.009709705416495764,5.32241415977478
10000,learned,dr,linear,0,0.07862969113183417,0.01002817569919042,0.03549599647521973
10000,raw,dr,lgbm,1,0.047198539550609375,0.015887691938981315,7.163849115371704
10000,raw,dr,linear,1,0.06203221193534986,0.021094768190360564,1.3355679512023926
10000,concept,dr,lgbm,1,0.05298111990546305,0.00642235443088955,5.089940071105957
10000,concept,dr,linear,1,0.039209343817286114,0.008224394067486469,0.03967571258544922
10000,learned,dr,lgbm,1,0.08198484598634259,0.009646000649222731,5.95302677154541
10000,learned,dr,linear,1,0.08632817975149579,0.009933138949988643,0.05034494400024414
10000,raw,dr,lgbm,2,0.0313873504526471,0.013884574274064575,7.466308116912842
10000,raw,dr,linear,2,0.03287087165020921,0.01686082831428566,1.33888578414917
10000,concept,dr,lgbm,2,0.05364795898342535,0.006497102241724734,5.6929097175598145
10000,concept,dr,linear,2,0.04165003992605684,0.00830511377319768,0.03883004188537598
10000,learned,dr,lgbm,2,0.08220708550935335,0.009740604819491547,5.410291910171509
10000,learned,dr,linear,2,0.08535870098457174,0.01001992191034063,0.03487205505371094
10000,raw,dr,lgbm,3,0.02937584322251791,0.016839785359230405,6.79353404045105
10000,raw,dr,linear,3,0.01932326593347965,0.020845744426883722,1.3052129745483398
10000,concept,dr,lgbm,3,0.044254029542463796,0.00640772013277667,6.624341011047363
10000,concept,dr,linear,3,0.031164633228141503,0.00811531457680564,0.039222002029418945
10000,learned,dr,lgbm,3,0.08345913215567438,0.009632877681809857,5.920729160308838
10000,learned,dr,linear,3,0.08833734714169776,0.009957083575860101,0.040619850158691406
10000,raw,dr,lgbm,4,0.029692113353349512,0.014670385833319992,6.678063869476318
10000,raw,dr,linear,4,0.014653886781322095,0.01983545242558259,1.3255417346954346
10000,concept,dr,lgbm,4,0.043556398537286364,0.006288459488617777,5.672640085220337
10000,concept,dr,linear,4,0.028890570514464628,0.007935845480198789,0.03458213806152344
10000,learned,dr,lgbm,4,0.08153477481724794,0.00974318107369186,4.684725999832153
10000,learned,dr,linear,4,0.08393803911742949,0.01002254624220364,0.03564310073852539
10000,raw,dr,lgbm,5,0.03553310289023832,0.013995559217010269,7.494389057159424
10000,raw,dr,linear,5,0.04337514759691186,0.01838894196214938,1.201909065246582
10000,concept,dr,lgbm,5,0.048873412441750155,0.006436920774166148,6.645643949508667
10000,concept,dr,linear,5,0.035376678908654084,0.008409447285319676,0.04070687294006348
10000,learned,dr,lgbm,5,0.0794943296578008,0.009825238718142532,5.700169086456299
10000,learned,dr,linear,5,0.08464063509700151,0.010093274235342868,0.03894329071044922
10000,raw,dr,lgbm,6,0.05666941572750107,0.014401918215166745,7.627108097076416
10000,raw,dr,linear,6,0.07481768766222527,0.019020964498980497,1.2596302032470703
10000,concept,dr,lgbm,6,0.043539339584895434,0.006271976796566219,6.118186950683594
10000,concept,dr,linear,6,0.03071932379818586,0.007844870631842646,0.03577399253845215
10000,learned,dr,lgbm,6,0.0709146713883259,0.009673700024368676,5.7439188957214355
10000,learned,dr,linear,6,0.0757314973759878,0.009986078424704496,0.04192805290222168
10000,raw,dr,lgbm,7,0.03764134245484376,0.01550301621942814,7.319178104400635
10000,raw,dr,linear,7,0.05448311544038707,0.019554589324234515,1.3178009986877441
10000,concept,dr,lgbm,7,0.04677048540786996,0.0064296744866558855,6.5252299308776855
10000,concept,dr,linear,7,0.03871851396402889,0.007870311195456382,0.039422035217285156
10000,learned,dr,lgbm,7,0.09507688855466599,0.009586325568122517,5.985270977020264
10000,learned,dr,linear,7,0.0984445707444304,0.009932907385981947,0.04056596755981445
10000,raw,dr,lgbm,8,0.03956393211368903,0.015972818833460564,7.300946235656738
10000,raw,dr,linear,8,0.03628299272786614,0.019962570718649795,1.3392469882965088
10000,concept,dr,lgbm,8,0.044467465546868104,0.006308647531699538,6.306812047958374
10000,concept,dr,linear,8,0.02900973866193644,0.008227471534327057,0.04013991355895996
10000,learned,dr,lgbm,8,0.07533101670280748,0.009873008375231893,5.7674400806427
10000,learned,dr,linear,8,0.08134863636525366,0.010281426867648978,0.04062318801879883
10000,raw,dr,lgbm,9,0.04273904631805388,0.018311692831813435,7.4210309982299805
10000,raw,dr,linear,9,0.018237041522400247,0.02196506572522133,1.308701992034912
10000,concept,dr,lgbm,9,0.04649793970455929,0.006382499337569066,6.491224050521851
10000,concept,dr,linear,9,0.03358768883948758,0.007861960253882829,0.03802609443664551
10000,learned,dr,lgbm,9,0.07720050234782465,0.009772064780856609,5.932391881942749
10000,learned,dr,linear,9,0.0822085851643595,0.009970460051441083,0.04995393753051758
