N,gamma,tau_regime,rep,estimator,outcome_model,bias_signed,bias_sq,variance,mse
1000,0.0,heterogeneous,concept,dr,lgbm,0.031004301513768956,0.000961266712356696,0.0017977033866259362,0.0027589700989826323
1000,0.0,heterogeneous,concept,dr,linear,0.024851988488162502,0.0006176213318157616,0.002025167584391105,0.0026427889162068665
1000,0.0,heterogeneous,concept,tlearner,lgbm,0.01140654679471681,0.00013010930978006434,0.002121034982879828,0.002251144292659892
1000,0.0,heterogeneous,learned,dr,lgbm,0.02742919062044108,0.0007523604980924929,0.003296384696808319,0.004048745194900812
1000,0.0,heterogeneous,learned,dr,linear,0.0037431850432609326,1.4011434268092349e-05,0.010237694370257285,0.010251705804525377
1000,0.0,heterogeneous,learned,tlearner,lgbm,-0.00850848007818436,7.239423324086014e-05,0.0019220765678118676,0.0019944708010527275
1000,0.0,heterogeneous,raw,dr,lgbm,0.2721195055210011,0.07404902528499416,0.047835743268763754,0.1218847685537579
1000,0.0,heterogeneous,raw,dr,linear,0.30932420446615494,0.09568146346861962,0.17020197416816107,0.2658834376367807
1000,0.0,heterogeneous,raw,tlearner,lgbm,-0.03196688756327498,0.0010218819004830647,0.00243598459680985,0.0034578664972929147
1000,0.0,homogeneous,concept,dr,lgbm,0.028755337570783912,0.0008268694388097369,0.001605011800222693,0.0024318812390324296
1000,0.0,homogeneous,concept,dr,linear,0.020938417048876667,0.0004384173085126891,0.0018273306933568115,0.002265748001869501
1000,0.0,homogeneous,concept,tlearner,lgbm,0.011916918662757292,0.00014201295041477304,0.0021977221374572466,0.0023397350878720195
1000,0.0,homogeneous,learned,dr,lgbm,0.028470728516631627,0.0008105823822677413,0.002193574863812514,0.0030041572460802555
1000,0.0,homogeneous,learned,dr,linear,0.001104690331460545,1.2203407284224087e-06,0.010066870754994873,0.010068091095723295
1000,0.0,homogeneous,learned,tlearner,lgbm,-0.00437745696744235,1.916212950180958e-05,0.0020074816253463647,0.0020266437548481743
1000,0.0,homogeneous,raw,dr,lgbm,0.31987082448720255,0.10231734435812274,0.03055098488842456,0.1328683292465473
1000,0.0,homogeneous,raw,dr,linear,0.2279445571276258,0.05195872112410946,0.1696330777517629,0.22159179887587235
1000,0.0,homogeneous,raw,tlearner,lgbm,-0.025876716310867187,0.0006696044470331,0.0024846172697267715,0.0031542217167598715
1000,0.3,heterogeneous,concept,dr,lgbm,0.09121065442005905,0.008319383479735437,0.0011577636729503905,0.009477147152685828
1000,0.3,heterogeneous,concept,dr,linear,0.09084714783737724,0.008253204270186276,0.0018018464595594443,0.01005505072974572
1000,0.3,heterogeneous,concept,tlearner,lgbm,0.07744387878574116,0.00599755436138057,0.0012482344787651894,0.00724578884014576
1000,0.3,heterogeneous,learned,dr,lgbm,0.08782248307323309,0.007712788533148313,0.0019198205807126622,0.009632609113860975
1000,0.3,heterogeneous,learned,dr,linear,0.07570048330129314,0.005730563172049362,0.007917244023405302,0.013647807195454664
1000,0.3,heterogeneous,learned,tlearner,lgbm,0.06375093519576161,0.004064181738334197,0.002192777014183342,0.006256958752517539
1000,0.3,heterogeneous,raw,dr,lgbm,0.41127545657616005,0.16914750118192892,0.06239762145778234,0.23154512263971128
1000,0.3,heterogeneous,raw,dr,linear,0.4480518698797923,0.20075047810277832,0.18575260485326844,0.38650308295604674
1000,0.3,heterogeneous,raw,tlearner,lgbm,0.034302015466088076,0.0011766282650357456,0.001706718468772559,0.0028833467338083047
1000,0.3,homogeneous,concept,dr,lgbm,0.08972069639029862,0.008049803360760143,0.0010982120751702837,0.009148015435930428
1000,0.3,homogeneous,concept,dr,linear,0.08693357639809135,0.007557446705362785,0.0015841205349646787,0.009141567240327464
1000,0.3,homogeneous,concept,tlearner,lgbm,0.07980789383070919,0.006369299917693749,0.0012353336440103133,0.007604633561704063
1000,0.3,homogeneous,learned,dr,lgbm,0.08906110683482155,0.007931880750643498,0.0019041924702767154,0.009836073220920213
1000,0.3,homogeneous,learned,dr,linear,0.07306198858949253,0.005338054176651137,0.0076654489409705385,0.013003503117621676
1000,0.3,homogeneous,learned,tlearner,lgbm,0.06585924957426215,0.004337440754484949,0.00212995302415342,0.006467393778638369
1000,0.3,homogeneous,raw,dr,lgbm,0.4256647830547338,0.18119050753303362,0.06453376355289772,0.24572427108593134
1000,0.3,homogeneous,raw,dr,linear,0.3666722208766809,0.13444851756263745,0.18229008434265476,0.31673860190529224
1000,0.3,homogeneous,raw,tlearner,lgbm,0.037235727625499704,0.0013864994118004017,0.0015350226886219772,0.002921522100422379
1000,0.6,heterogeneous,concept,dr,lgbm,0.15173353796476385,0.023023066543304434,0.0011152348852930818,0.024138301428597516
1000,0.6,heterogeneous,concept,dr,linear,0.15684230718659198,0.02459950932361328,0.001895858311322441,0.02649536763493572
1000,0.6,heterogeneous,concept,tlearner,lgbm,0.14145077217000185,0.02000832094748977,0.0010617974267800939,0.021070118374269864
1000,0.6,heterogeneous,learned,dr,lgbm,0.15308722481356463,0.023435698401118876,0.002506562728924879,0.025942261130043755
1000,0.6,heterogeneous,learned,dr,linear,0.14765778155932535,0.02180282045502144,0.011610784593696386,0.03341360504871783
1000,0.6,heterogeneous,learned,tlearner,lgbm,0.13270141785707373,0.017609666301277686,0.0030151042741855985,0.020624770575463285
1000,0.6,heterogeneous,raw,dr,lgbm,0.548070394289109,0.3003811570962194,0.10907222267364099,0.40945337976986035
1000,0.6,heterogeneous,raw,dr,linear,0.58677953332237,0.3443102207260183,0.2103522795571553,0.5546625002831735
1000,0.6,heterogeneous,raw,tlearner,lgbm,0.09921590654948881,0.009843796112436897,0.0013500473750209497,0.011193843487457847
1000,0.6,homogeneous,concept,dr,lgbm,0.1543311499270445,0.023818103837803885,0.0011642098347913756,0.02498231367259526
1000,0.6,homogeneous,concept,dr,linear,0.1529287357473061,0.023387198217269374,0.001658243353167196,0.02504544157043657
1000,0.6,homogeneous,concept,tlearner,lgbm,0.14494170856828364,0.02100809888269327,0.0009924522952137987,0.022000551177907068
1000,0.6,homogeneous,learned,dr,lgbm,0.13732880071111275,0.01885919950475252,0.002244920401902138,0.02110411990665466
1000,0.6,homogeneous,learned,dr,linear,0.14501928684752496,0.021030593557764727,0.011278018044089354,0.03230861160185408
1000,0.6,homogeneous,learned,tlearner,lgbm,0.1359804398132674,0.01849068001180964,0.00277731492795386,0.021267994939763498
1000,0.6,homogeneous,raw,dr,lgbm,0.5710299941028074,0.3260752541650523,0.12470702005446355,0.45078227421951583
1000,0.6,homogeneous,raw,dr,linear,0.50539988465236,0.25542904340661876,0.2039961340880224,0.4594251774946412
1000,0.6,homogeneous,raw,tlearner,lgbm,0.10306038794526773,0.010621443563429086,0.0014022714741943284,0.012023715037623414
2000,0.0,heterogeneous,concept,dr,lgbm,0.021070418107014877,0.0004439625192044204,0.0007640433321079354,0.0012080058513123557
2000,0.0,heterogeneous,concept,dr,linear,0.014421938959863378,0.0002079923233620252,0.00040357963565385864,0.0006115719590158838
2000,0.0,heterogeneous,concept,tlearner,lgbm,0.005944501030998278,3.533709250753959e-05,0.0005303447830395405,0.0005656818755470801
2000,0.0,heterogeneous,learned,dr,lgbm,-0.006789879328443271,4.610246129482125e-05,0.00047113265306192455,0.0005172351143567458
2000,0.0,heterogeneous,learned,dr,linear,0.007854837412084453,6.16984707702816e-05,0.001038108907656195,0.0010998073784264767
2000,0.0,heterogeneous,learned,tlearner,lgbm,-0.006029987990094937,3.636075516068918e-05,0.0008745557197172496,0.0009109164748779388
2000,0.0,heterogeneous,raw,dr,lgbm,0.009493691079238725,9.013017030801695e-05,0.03736833437182943,0.03745846454213745
2000,0.0,heterogeneous,raw,dr,linear,0.014316161624183782,0.0002049524836497524,0.04267265874269487,0.04287761122634463
2000,0.0,heterogeneous,raw,tlearner,lgbm,-0.039842047824878477,0.0015873887748799036,0.0010462531952799814,0.002633641970159885
2000,0.0,homogeneous,concept,dr,lgbm,0.021061782057112288,0.00044359866342129714,0.0007377867881462687,0.0011813854515675657
2000,0.0,homogeneous,concept,dr,linear,0.010216026984040338,0.00010436720733864033,0.00034116925426319963,0.00044553646160183993
2000,0.0,homogeneous,concept,tlearner,lgbm,0.008363201798924025,6.994314432952605e-05,0.0005635764896876899,0.0006335196340172159
2000,0.0,homogeneous,learned,dr,lgbm,-0.006335974176745696,4.01445687683883e-05,0.0005455400066591709,0.0005856845754275592
2000,0.0,homogeneous,learned,dr,linear,0.0077292373917887125,5.9741110658624777e-05,0.0010022371518587311,0.0010619782625173558
2000,0.0,homogeneous,learned,tlearner,lgbm,-0.005964221953815241,3.557194351437169e-05,0.0009481116928305251,0.0009836836363448969
2000,0.0,homogeneous,raw,dr,lgbm,0.004361764217620523,1.902498709011477e-05,0.034734203518745656,0.03475322850583577
2000,0.0,homogeneous,raw,dr,linear,-0.10718311729670366,0.011488220633438934,0.040122797670066435,0.05161101830350537
2000,0.0,homogeneous,raw,tlearner,lgbm,-0.03781621301542154,0.0014300659668277376,0.0009689945567770978,0.0023990605236048354
2000,0.3,heterogeneous,concept,dr,lgbm,0.09207249504744669,0.008477344344262096,0.0004131196646667541,0.00889046400892885
2000,0.3,heterogeneous,concept,dr,linear,0.08308397980280008,0.006902947699872091,0.000389995225202123,0.0072929429250742145
2000,0.3,heterogeneous,concept,tlearner,lgbm,0.07701916646478976,0.005931952002930996,0.0004639960593481096,0.006395948062279105
2000,0.3,heterogeneous,learned,dr,lgbm,0.05939291594604415,0.0035275184645738654,0.0009298221646423224,0.004457340629216188
2000,0.3,heterogeneous,learned,dr,linear,0.06974755355841539,0.004864721227384023,0.0017604881726021513,0.006625209399986174
2000,0.3,heterogeneous,learned,tlearner,lgbm,0.06798563775863514,0.004622046941448356,0.0010679821289962979,0.0056900290704446545
2000,0.3,heterogeneous,raw,dr,lgbm,0.12925054696840005,0.016705703891630588,0.04143201499173431,0.0581377188833649
2000,0.3,heterogeneous,raw,dr,linear,0.08762801903927664,0.007678669720747829,0.08508837561518504,0.09276704533593287
2000,0.3,heterogeneous,raw,tlearner,lgbm,0.026363311765167236,0.0006950242072274052,0.0009331571900893581,0.0016281813973167633
2000,0.3,homogeneous,concept,dr,lgbm,0.09021017684947108,0.008137876007212847,0.0004282049004367002,0.008566080907649548
2000,0.3,homogeneous,concept,dr,linear,0.07887806782697704,0.00622174958411719,0.000322496566640836,0.006544246150758026
2000,0.3,homogeneous,concept,tlearner,lgbm,0.07794353576683466,0.006075194767835834,0.0004993897160368892,0.006574584483872723
2000,0.3,homogeneous,learned,dr,lgbm,0.06309304993104614,0.0039807329496014815,0.0008799814359624948,0.004860714385563976
2000,0.3,homogeneous,learned,dr,linear,0.06962195353811956,0.004847216414464079,0.0017009236578708821,0.006548140072334961
2000,0.3,homogeneous,learned,tlearner,lgbm,0.06843449610504715,0.004683280257151714,0.0010325983624197167,0.00571587861957143
2000,0.3,homogeneous,raw,dr,lgbm,0.1138066229173526,0.012951947419852488,0.04583745241776559,0.05878939983761808
2000,0.3,homogeneous,raw,dr,linear,-0.03387125988161199,0.001147262245967698,0.08022364840155582,0.08137091064752353
2000,0.3,homogeneous,raw,tlearner,lgbm,0.029384838195320062,0.0008634687157651408,0.0008746448160822198,0.0017381135318473605
2000,0.6,heterogeneous,concept,dr,lgbm,0.16148002734627603,0.026075799231754057,0.0006078603390862709,0.02668365957084033
2000,0.6,heterogeneous,concept,dr,linear,0.15174602064573672,0.023026854781816358,0.0006278471896285806,0.02365470197144494
2000,0.6,heterogeneous,concept,tlearner,lgbm,0.14838054242043286,0.022016785368981877,0.0006722964375680838,0.022689081806549962
2000,0.6,heterogeneous,learned,dr,lgbm,0.1285131802332301,0.016515637493658687,0.00159031968193859,0.018105957175597275
2000,0.6,heterogeneous,learned,dr,linear,0.13164026970474618,0.017329160607938314,0.003212302322269698,0.02054146293020801
2000,0.6,heterogeneous,learned,tlearner,lgbm,0.1343882831307276,0.018060210642824603,0.0013714482004910356,0.019431658843315637
2000,0.6,heterogeneous,raw,dr,lgbm,0.28049490140648764,0.07867738971503523,0.07107940559100534,0.14975679530604058
2000,0.6,heterogeneous,raw,dr,linear,0.1609398764543712,0.02590164383314826,0.19739726938391583,0.22329891321706408
2000,0.6,heterogeneous,raw,tlearner,lgbm,0.09438762721538446,0.008909024171350385,0.0012273281173769825,0.010136352288727368
2000,0.6,homogeneous,concept,dr,lgbm,0.16108004551706084,0.025946781063778394,0.0005204973393934285,0.026467278403171823
2000,0.6,homogeneous,concept,dr,linear,0.14754010866991374,0.021768083666329954,0.0005552602538966654,0.02232334392022662
2000,0.6,homogeneous,concept,tlearner,lgbm,0.14745246613803253,0.02174222977018763,0.0006715895673450897,0.022413819337532722
2000,0.6,homogeneous,learned,dr,lgbm,0.12925895107706697,0.016707876433543593,0.0017325385779997794,0.018440415011543372
2000,0.6,homogeneous,learned,dr,linear,0.1315146696844504,0.0172961083422101,0.003129045048604627,0.02042515339081473
2000,0.6,homogeneous,learned,tlearner,lgbm,0.13529677327985568,0.01830521685994067,0.001317345369612976,0.019622562229553647
2000,0.6,homogeneous,raw,dr,lgbm,0.2613793258873032,0.06831915200130106,0.059454779080419226,0.1277739310817203
2000,0.6,homogeneous,raw,dr,linear,0.03944059753348195,0.0015555607337981022,0.19021767602928683,0.19177323676308491
2000,0.6,homogeneous,raw,tlearner,lgbm,0.0975776035864297,0.009521388721670417,0.0011830084071582836,0.0107043971288287
5000,0.0,heterogeneous,concept,dr,lgbm,0.01334310557305271,0.00017803846633363029,0.00011581175228827867,0.00029385021862190895
5000,0.0,heterogeneous,concept,dr,linear,0.012353336042814578,0.00015260491138670173,0.00010094638248369805,0.0002535512938703998
5000,0.0,heterogeneous,concept,tlearner,lgbm,0.004446275004774292,1.9769361418080627e-05,7.257208849444739e-05,9.234144991252801e-05
5000,0.0,heterogeneous,learned,dr,lgbm,0.003252095871066729,1.0576127554609268e-05,0.0005833667486835859,0.0005939428762381951
5000,0.0,heterogeneous,learned,dr,linear,0.005305249264097922,2.8145669754211542e-05,0.0007240257614793296,0.0007521714312335411
5000,0.0,heterogeneous,learned,tlearner,lgbm,-0.001970033105032798,3.881030434925167e-06,0.000315261670875049,0.00031914270130997414
5000,0.0,heterogeneous,raw,dr,lgbm,-0.0315587913633488,0.0009959573123153786,0.005390152835049749,0.0063861101473651274
5000,0.0,heterogeneous,raw,dr,linear,-0.06803416302382913,0.004628647338352958,0.00969720605606611,0.014325853394419068
5000,0.0,heterogeneous,raw,tlearner,lgbm,-0.043093184338125395,0.0018570225363996559,0.0001723100697248616,0.0020293326061245173
5000,0.0,homogeneous,concept,dr,lgbm,0.013169798800615473,0.00017344360044869276,0.00014191073049632874,0.0003153543309450215
5000,0.0,homogeneous,concept,dr,linear,0.00787542398846236,6.202230299804839e-05,9.910152814556789e-05,0.00016112383114361627
5000,0.0,homogeneous,concept,tlearner,lgbm,0.004937371130823709,2.437763368349139e-05,8.292117770249245e-05,0.00010729881138598385
5000,0.0,homogeneous,learned,dr,lgbm,0.003234710636139171,1.046335289955188e-05,0.00047883989194435415,0.0004893032448439061
5000,0.0,homogeneous,learned,dr,linear,0.005535165435772205,3.06380564013673e-05,0.0006817581204631923,0.0007123961768645597
5000,0.0,homogeneous,learned,tlearner,lgbm,-0.0007517770801050982,5.651687781713473e-07,0.00033272790337298194,0.0003332930721511533
5000,0.0,homogeneous,raw,dr,lgbm,-0.03721507745630925,0.0013849619900790971,0.005031509987832087,0.006416471977911184
5000,0.0,homogeneous,raw,dr,linear,-0.11381583349490493,0.012954043954139922,0.009153429264537317,0.02210747321867724
5000,0.0,homogeneous,raw,tlearner,lgbm,-0.04045522346156921,0.0016366251053255,0.00017861450662564796,0.001815239611951148
5000,0.3,heterogeneous,concept,dr,lgbm,0.08637264051961524,0.007460233030330681,7.377388267627255e-05,0.007534006913006953
5000,0.3,heterogeneous,concept,dr,linear,0.08255351163696437,0.006815082283594411,6.594016403706702e-05,0.006881022447631478
5000,0.3,heterogeneous,concept,tlearner,lgbm,0.07611134330337604,0.005792936579444365,6.710400945857112e-05,0.005860040588902936
5000,0.3,heterogeneous,learned,dr,lgbm,0.07395758980583325,0.0054697250898878905,0.0004940873710739037,0.0059638124609617945
5000,0.3,heterogeneous,learned,dr,linear,0.07344218624554072,0.00539375472052469,0.0005290325017455339,0.005922787222270224
5000,0.3,heterogeneous,learned,tlearner,lgbm,0.06739527690322505,0.00454212334886238,0.00024201893677870337,0.004784142285641084
5000,0.3,heterogeneous,raw,dr,lgbm,0.05385642827761844,0.0029005148668222592,0.008874919660799539,0.011775434527621798
5000,0.3,heterogeneous,raw,dr,linear,0.016033263086620786,0.0002570655252047967,0.010086188600791636,0.010343254125996433
5000,0.3,heterogeneous,raw,tlearner,lgbm,0.025571616576235634,0.000653907574322009,0.00012545876078470352,0.0007793663351067125
5000,0.3,homogeneous,concept,dr,lgbm,0.08561160408595192,0.007329346754169779,7.743015935669109e-05,0.00740677691352647
5000,0.3,homogeneous,concept,dr,linear,0.07807559958261212,0.006095799250184382,5.8060594557030226e-05,0.006153859844741412
5000,0.3,homogeneous,concept,tlearner,lgbm,0.07647201847011376,0.00584796960889342,7.590121633497599e-05,0.0059238708252283955
5000,0.3,homogeneous,learned,dr,lgbm,0.07505822330784201,0.005633736886129877,0.0005070287707929576,0.006140765656922835
5000,0.3,homogeneous,learned,dr,linear,0.07367210241721495,0.0054275786745726085,0.00047979533300378577,0.005907374007576394
5000,0.3,homogeneous,learned,tlearner,lgbm,0.06828373960821149,0.0046626690948820305,0.00021759013005406887,0.0048802592249361
5000,0.3,homogeneous,raw,dr,lgbm,0.048122266199544406,0.002315752504179814,0.008039773499836067,0.010355526004015882
5000,0.3,homogeneous,raw,dr,linear,-0.02974840738445511,0.0008849677419115034,0.009248652536415545,0.010133620278327048
5000,0.3,homogeneous,raw,tlearner,lgbm,0.028091657170801587,0.0007891412026018482,0.00010704920234308642,0.0008961904049449346
5000,0.6,heterogeneous,concept,dr,lgbm,0.15879407181234073,0.025215557242742825,0.000134594103283267,0.02535015134602609
5000,0.6,heterogeneous,concept,dr,linear,0.15275368723111415,0.02333368896270105,0.0001239786027397253,0.023457667565440776
5000,0.6,heterogeneous,concept,tlearner,lgbm,0.14774637952652597,0.021828992663196253,0.00018586401868607024,0.022014856681882324
5000,0.6,heterogeneous,learned,dr,lgbm,0.14331940581986835,0.020540452084560113,0.00067150806755917,0.021211960152119284
5000,0.6,heterogeneous,learned,dr,linear,0.14157912322698352,0.020044648133721383,0.00047151666680049904,0.02051616480052188
5000,0.6,heterogeneous,learned,tlearner,lgbm,0.13972519122816962,0.01952312906374857,0.00035680293642198203,0.01987993200017055
5000,0.6,heterogeneous,raw,dr,lgbm,0.14197394545876996,0.020156601189129788,0.014591276653381039,0.03474787784251083
5000,0.6,heterogeneous,raw,dr,linear,0.10010068919707038,0.010020147977728483,0.016124576690774522,0.026144724668503004
5000,0.6,heterogeneous,raw,tlearner,lgbm,0.0949351161000711,0.00901267626893398,0.0001876930338592198,0.0092003693027932
5000,0.6,homogeneous,concept,dr,lgbm,0.1571694269559557,0.024702228769663496,0.0001146510718008776,0.024816879841464374
5000,0.6,homogeneous,concept,dr,linear,0.14827577517676194,0.02198570550426965,0.00011006431811778274,0.022095769822387434
5000,0.6,homogeneous,concept,tlearner,lgbm,0.1470042493547446,0.021610249328351927,0.00016931334012774065,0.021779562668479666
5000,0.6,homogeneous,learned,dr,lgbm,0.14383920589457333,0.020689717152381458,0.000647217707156442,0.0213369348595379
5000,0.6,homogeneous,learned,dr,linear,0.1418090393986578,0.02010980365517008,0.00041530997033314266,0.020525113625503223
5000,0.6,homogeneous,learned,tlearner,lgbm,0.13901402475971913,0.019324899079895805,0.0003016247055398646,0.019626523785435668
5000,0.6,homogeneous,raw,dr,lgbm,0.1328931304522622,0.01766058412140198,0.013082646464242042,0.030743230585644023
5000,0.6,homogeneous,raw,dr,linear,0.05431901872599487,0.0029505557953549816,0.014993281353550922,0.017943837148905902
5000,0.6,homogeneous,raw,tlearner,lgbm,0.09723514283264212,0.009454673001684314,0.00017765906593985155,0.009632332067624165
10000,0.0,heterogeneous,concept,dr,lgbm,0.011121337655405628,0.00012368415124554315,4.6773635661529525e-05,0.00017045778690707268
10000,0.0,heterogeneous,concept,dr,linear,0.012902942610205831,0.00016648592800226527,5.5141523461638055e-05,0.00022162745146390333
10000,0.0,heterogeneous,concept,tlearner,lgbm,0.006152776657167208,3.785666059298169e-05,5.148243846977748e-05,8.933909906275917e-05
10000,0.0,heterogeneous,learned,dr,lgbm,-0.0005364288011016904,2.8775585865139696e-07,0.00027367575585376795,0.00027396351171241935
10000,0.0,heterogeneous,learned,dr,linear,0.0020917644523280043,4.375478524023076e-06,0.00038440466193770043,0.0003887801404617235
10000,0.0,heterogeneous,learned,tlearner,lgbm,0.0010885694176041572,1.1849833769430538e-06,0.00023560609000726132,0.00023679107338420437
10000,0.0,heterogeneous,raw,dr,lgbm,-0.020038788232980886,0.00040155303384625324,0.00018332968322488967,0.0005848827170711429
10000,0.0,heterogeneous,raw,dr,linear,-0.013880871247414134,0.0001926785865872884,0.000408315006690251,0.0006009935932775395
10000,0.0,heterogeneous,raw,tlearner,lgbm,-0.03883827873121132,0.0015084118948032613,0.00014567141294717325,0.0016540833077504345
10000,0.0,homogeneous,concept,dr,lgbm,0.011205772007401027,0.00012556932628185244,5.155849705300587e-05,0.0001771278233348583
10000,0.0,homogeneous,concept,dr,linear,0.00858013322213208,7.361868610953464e-05,4.785182252748138e-05,0.00012147050863701601
10000,0.0,homogeneous,concept,tlearner,lgbm,0.006874046844405457,4.725252001908062e-05,5.5984490718938125e-05,0.00010323701073801874
10000,0.0,homogeneous,learned,dr,lgbm,0.001579816083971064,2.495818859173668e-06,0.0002563889532237561,0.00025888477208292973
10000,0.0,homogeneous,learned,dr,linear,0.0028802593903802798,8.295894155873781e-06,0.0003557078305012609,0.00036400372465713465
10000,0.0,homogeneous,learned,tlearner,lgbm,0.002728313237995439,7.443693124621157e-06,0.000218916140691363,0.00022635983381598417
10000,0.0,homogeneous,raw,dr,lgbm,-0.017119765553538002,0.00029308637260810634,0.0001615453351496822,0.0004546317077577885
10000,0.0,homogeneous,raw,dr,linear,-0.02741043812355165,0.0007513321181250537,0.0003509705404689126,0.0011023026585939664
10000,0.0,homogeneous,raw,tlearner,lgbm,-0.035931604663896055,0.0012910802137225167,0.00013353200798465066,0.0014246122217071674
10000,0.3,heterogeneous,concept,dr,lgbm,0.08374835188126642,0.007013786442828421,6.472877161532145e-05,0.007078515214443742
10000,0.3,heterogeneous,concept,dr,linear,0.08369513819542526,0.007004876157551332,6.736715826285568e-05,0.007072243315814188
10000,0.3,heterogeneous,concept,tlearner,lgbm,0.07807735754560419,0.006096073761304115,6.247237632748661e-05,0.006158546137631601
10000,0.3,heterogeneous,learned,dr,lgbm,0.06920688208249182,0.004789592527579926,0.00019495823474800016,0.004984550762327926
10000,0.3,heterogeneous,learned,dr,linear,0.0714922047858288,0.005111135345138881,0.0003019024064042372,0.005413037751543118
10000,0.3,heterogeneous,learned,tlearner,lgbm,0.06978599447556438,0.004870085024943503,0.0002011022880375122,0.005071187312981015
10000,0.3,heterogeneous,raw,dr,lgbm,0.04875911207590419,0.002377451010430586,0.0004529430533516646,0.0028303940637822507
10000,0.3,heterogeneous,raw,dr,linear,0.055298376217171125,0.0030579104122557973,0.0006781098718085088,0.003736020284064306
10000,0.3,heterogeneous,raw,tlearner,lgbm,0.03079595580929148,0.0009483908942078337,0.0001433719556825103,0.001091762849890344
10000,0.3,homogeneous,concept,dr,lgbm,0.08389765996481446,0.007038817347571631,5.874043505971528e-05,0.007097557782631347
10000,0.3,homogeneous,concept,dr,linear,0.0793723288073514,0.006299966580302305,5.6267502005101024e-05,0.006356234082307406
10000,0.3,homogeneous,concept,tlearner,lgbm,0.07856966677438404,0.006173192537037747,6.390737782713248e-05,0.0062370999148648795
10000,0.3,homogeneous,learned,dr,lgbm,0.07013580134027875,0.0049190306296430465,0.00016190652003702325,0.005080937149680069
10000,0.3,homogeneous,learned,dr,linear,0.07228069972388113,0.005224499552573869,0.00027377079055952594,0.005498270343133395
10000,0.3,homogeneous,learned,tlearner,lgbm,0.0702186553868222,0.004930659564333295,0.00017121497946199184,0.005101874543795287
10000,0.3,homogeneous,raw,dr,lgbm,0.05078776374904154,0.0025793969466284578,0.0003972940630514963,0.002976691009679954
10000,0.3,homogeneous,raw,dr,linear,0.04176880934103305,0.00174463343376757,0.0005655761905799217,0.002310209624347492
10000,0.3,homogeneous,raw,tlearner,lgbm,0.033798081504131106,0.0011423103133598891,0.00012551665014820667,0.001267826963508096
10000,0.6,heterogeneous,concept,dr,lgbm,0.1563853300444823,0.024456371453121656,0.00011167934124128619,0.02456805079436294
10000,0.6,heterogeneous,concept,dr,linear,0.1544873337806446,0.023866336298652296,0.0001215957157496506,0.023987932014401945
10000,0.6,heterogeneous,concept,tlearner,lgbm,0.14946480012702018,0.022339726477010092,0.00012031777505631814,0.02246004425206641
10000,0.6,heterogeneous,learned,dr,lgbm,0.13967243147652897,0.01950838811456568,0.00016991874994278744,0.019678306864508468
10000,0.6,heterogeneous,learned,dr,linear,0.14089264511932958,0.019850737448721345,0.00026135746793799926,0.020112094916659343
10000,0.6,heterogeneous,learned,tlearner,lgbm,0.1394451611604492,0.019444952971063648,0.00019977250825596905,0.019644725479319617
10000,0.6,heterogeneous,raw,dr,lgbm,0.1183452859007092,0.014005606694920599,0.0008002540161868193,0.014805860711107418
10000,0.6,heterogeneous,raw,dr,linear,0.1244776236817563,0.015494678797456937,0.0012623478150260807,0.016757026612483017
10000,0.6,heterogeneous,raw,tlearner,lgbm,0.10067283164368196,0.010135019031157131,0.0001807190440435786,0.01031573807520071
10000,0.6,homogeneous,concept,dr,lgbm,0.15634360541532838,0.024443322954263897,0.00010379258627571566,0.024547115540539614
10000,0.6,homogeneous,concept,dr,linear,0.15016452439257083,0.022549384386047,0.00010668610416829838,0.022656070490215296
10000,0.6,homogeneous,concept,tlearner,lgbm,0.14998121122288993,0.022494363719885124,0.00011559959691082329,0.022609963316795947
10000,0.6,homogeneous,learned,dr,lgbm,0.1415987097402588,0.02005019460010606,0.00016308736852317372,0.020213281968629232
10000,0.6,homogeneous,learned,dr,linear,0.14168114005738186,0.020073545447959456,0.0002337910676850136,0.02030733651564447
10000,0.6,homogeneous,learned,tlearner,lgbm,0.1404460385850465,0.019725089754232372,0.00019341734093764347,0.019918507095170016
10000,0.6,homogeneous,raw,dr,lgbm,0.12168297019007879,0.014806745234279602,0.0007886718006176475,0.01559541703489725
10000,0.6,homogeneous,raw,dr,linear,0.11094805680561842,0.012309471308942733,0.001094624918790233,0.013404096227732965
10000,0.6,homogeneous,raw,tlearner,lgbm,0.10375572199106181,0.010765249845886508,0.00016828258369003477,0.010933532429576542
20000,0.0,heterogeneous,concept,dr,lgbm,0.007376502817677877,5.441279381920966e-05,1.1744999930702622e-05,6.615779374991228e-05
20000,0.0,heterogeneous,concept,dr,linear,0.011416357632484664,0.00013033322159279083,1.3537253873448777e-05,0.0001438704754662396
20000,0.0,heterogeneous,concept,tlearner,lgbm,0.004648368934973945,2.160733375563081e-05,1.3596423004571097e-05,3.520375676020191e-05
20000,0.0,heterogeneous,learned,dr,lgbm,-0.002761418685328143,7.62543315567941e-06,1.822000953325368e-05,2.5845442688933092e-05
20000,0.0,heterogeneous,learned,dr,linear,0.0025198637368898935,6.3497132524926985e-06,1.9518399351141157e-05,2.5868112603633856e-05
20000,0.0,heterogeneous,learned,tlearner,lgbm,-0.002030695935698823,4.1237259832637185e-06,1.5504210330898415e-05,1.9627936314162136e-05
20000,0.0,heterogeneous,raw,dr,lgbm,-0.039332769375153204,0.0015470667467189897,0.00017354141830973848,0.0017206081650287283
20000,0.0,heterogeneous,raw,dr,linear,-0.03165531718634923,0.0010020591061683768,0.00018459606450285573,0.0011866551706712326
20000,0.0,heterogeneous,raw,tlearner,lgbm,-0.04224586399525229,0.001784713024705354,1.609836608789786e-05,0.0018008113907932517
20000,0.0,homogeneous,concept,dr,lgbm,0.007047544566493313,4.966788441670943e-05,1.1261971450717313e-05,6.092985586742674e-05
20000,0.0,homogeneous,concept,dr,linear,0.00701508546103885,4.921142402567866e-05,1.1182150684335197e-05,6.0393574710013855e-05
20000,0.0,homogeneous,concept,tlearner,lgbm,0.004580703091923322,2.0982840816355878e-05,1.1379832000258013e-05,3.236267281661389e-05
20000,0.0,homogeneous,learned,dr,lgbm,-0.001021095113300785,1.0426352304067432e-06,1.5270316280566737e-05,1.631295151097348e-05
20000,0.0,homogeneous,learned,dr,linear,0.003067085275764936,9.407012088814072e-06,1.566308063745204e-05,2.5070092726266114e-05
20000,0.0,homogeneous,learned,tlearner,lgbm,-0.000797842511372715,6.365526729535209e-07,1.4046622949214386e-05,1.4683175622167908e-05
20000,0.0,homogeneous,raw,dr,lgbm,-0.035826774452727916,0.0012835577676866376,0.00016374152406942684,0.0014472992917560644
20000,0.0,homogeneous,raw,dr,linear,-0.03302496207824973,0.0010906481202698328,0.00015524386722908442,0.0012458919874989171
20000,0.0,homogeneous,raw,tlearner,lgbm,-0.0391803066917652,0.0015350964324607808,1.1994469602856905e-05,0.0015470909020636376
20000,0.3,heterogeneous,concept,dr,lgbm,0.07888291983900678,0.006222515042327169,2.346719712480059e-05,0.00624598223945197
20000,0.3,heterogeneous,concept,dr,linear,0.08137865269905631,0.006622485115113624,2.3099587212394073e-05,0.006645584702326018
20000,0.3,heterogeneous,concept,tlearner,lgbm,0.07557499235450926,0.005711579469384134,2.437610171999818e-05,0.005735955571104132
20000,0.3,heterogeneous,learned,dr,lgbm,0.0664467113045542,0.004415165443190772,2.7899466613411052e-05,0.0044430649098041826
20000,0.3,heterogeneous,learned,dr,linear,0.07101155510096424,0.005042640957857281,2.6411970479171202e-05,0.005069052928336452
20000,0.3,heterogeneous,learned,tlearner,lgbm,0.06661701174617268,0.004437826253989709,1.925722304545691e-05,0.004457083477035166
20000,0.3,heterogeneous,raw,dr,lgbm,0.03170068381447305,0.0010049333543051936,0.00022508666794668824,0.0012300200222518818
20000,0.3,heterogeneous,raw,dr,linear,0.03882149426715659,0.0015071084171348716,0.00021147306646836648,0.001718581483603238
20000,0.3,heterogeneous,raw,tlearner,lgbm,0.027101327402430014,0.000734481946973704,2.2158937318790672e-05,0.0007566408842924947
20000,0.3,homogeneous,concept,dr,lgbm,0.07870276927265318,0.006194125891184482,2.2341237891896972e-05,0.006216467129076379
20000,0.3,homogeneous,concept,dr,linear,0.07697738052761055,0.005925517112892556,2.1559342921354644e-05,0.005947076455813911
20000,0.3,homogeneous,concept,tlearner,lgbm,0.0758434556263442,0.005752229761345242,2.399864860135572e-05,0.005776228409946598
20000,0.3,homogeneous,learned,dr,lgbm,0.06733870025506533,0.004534500552041536,2.2585595653020192e-05,0.004557086147694556
20000,0.3,homogeneous,learned,dr,linear,0.07155877663983923,0.0051206585141904005,2.3908533079615405e-05,0.005144567047270016
20000,0.3,homogeneous,learned,tlearner,lgbm,0.06762670528785181,0.004573371268089964,2.1271568109088093e-05,0.004594642836199052
20000,0.3,homogeneous,raw,dr,lgbm,0.03526234476543916,0.0012434329583566944,0.00020999925644008127,0.0014534322147967756
20000,0.3,homogeneous,raw,dr,linear,0.03745184937525603,0.0014026410216268655,0.00017978073051099077,0.0015824217521378562
20000,0.3,homogeneous,raw,tlearner,lgbm,0.02992527400436823,0.0008955220242365169,2.1060783953154056e-05,0.000916582808189671
20000,0.6,heterogeneous,concept,dr,lgbm,0.15035219733653593,0.02260578324392464,3.802510133313373e-05,0.022643808345257775
20000,0.6,heterogeneous,concept,dr,linear,0.15134094776562795,0.022904082470598528,4.2015022441400846e-05,0.02294609749303993
20000,0.6,heterogeneous,concept,tlearner,lgbm,0.14630840980261917,0.021406150778971147,4.8275559477819956e-05,0.021454426338448965
20000,0.6,heterogeneous,learned,dr,lgbm,0.1362705090746803,0.018569651643472525,3.053487382274048e-05,0.018600186517295267
20000,0.6,heterogeneous,learned,dr,linear,0.13950324646503842,0.019461155774285255,4.20508364527232e-05,0.01950320661073798
20000,0.6,heterogeneous,learned,tlearner,lgbm,0.1352245555090758,0.018285680412627126,4.4227536025049226e-05,0.018329907948652174
20000,0.6,heterogeneous,raw,dr,lgbm,0.10401370558901524,0.01081885095035834,0.0003031380671374498,0.01112198901749579
20000,0.6,heterogeneous,raw,dr,linear,0.10929830572066235,0.011946119633407372,0.0002525892404918806,0.012198708873899252
20000,0.6,heterogeneous,raw,tlearner,lgbm,0.09615816917729497,0.009246393499529281,4.090580636113356e-05,0.009287299305890414
20000,0.6,homogeneous,concept,dr,lgbm,0.15016180561091635,0.02254856786433063,3.912251718672716e-05,0.022587690381517356
20000,0.6,homogeneous,concept,dr,linear,0.1469396755941822,0.0215912682637235,4.1289637048436285e-05,0.021632557900771936
20000,0.6,homogeneous,concept,tlearner,lgbm,0.14628957545692317,0.021400639887366818,4.643759330118595e-05,0.021447077480668004
20000,0.6,homogeneous,learned,dr,lgbm,0.13682719430124995,0.01872168110035201,2.7015732325266243e-05,0.018748696832677273
20000,0.6,homogeneous,learned,dr,linear,0.1400504680039134,0.019614133588115173,4.089928036730347e-05,0.019655032868482476
20000,0.6,homogeneous,learned,tlearner,lgbm,0.13608198969986207,0.01851830792067337,4.133885840672597e-05,0.018559646779080095
20000,0.6,homogeneous,raw,dr,lgbm,0.10731017381619506,0.011515473404461997,0.0002909576053143055,0.011806431009776302
20000,0.6,homogeneous,raw,dr,linear,0.10792866082876168,0.011648595828289875,0.00021855676585090365,0.011867152594140779
20000,0.6,homogeneous,raw,tlearner,lgbm,0.09891798450789618,0.009784767659104389,3.910790506163573e-05,0.009823875564166024
