query,stratum,rep,seed,n_sub,ate_hat,ate_se,ate_true,ate_bias,wall_s
Q1,behind,raw,0,1511,0.35115737001401465,0.33269410204681066,0.1,0.2511573700140146,4.3321638107299805
Q1,equal,raw,0,2380,0.43968683274401504,0.17115366428757015,0.1,0.339686832744015,3.7459700107574463
Q1,ahead,raw,0,1109,0.8784339468239925,0.40907592271196014,0.4,0.47843394682399243,3.020723819732666
Q2,high_king_shield,raw,0,1675,0.33072562275665945,0.27316351606172007,0.14943283582089553,0.18129278693576392,3.3752808570861816
Q3,low,raw,0,1816,0.5277260762253789,0.28565931135180656,0.14394273127753304,0.3837833449478459,3.5910160541534424
Q3,mid,raw,0,1756,0.3068276482712086,0.25491530854353384,0.1575740318906606,0.14925361638054802,3.6466612815856934
Q3,high,raw,0,1428,0.17637824851578776,0.3578881879738139,0.20630252100840335,0.02992427249261559,3.301292896270752
Q1,behind,concept,0,1511,0.16279603330506917,0.036544287780226364,0.1,0.06279603330506917,2.7762601375579834
Q1,equal,concept,0,2380,0.17525743243321726,0.026419843316519653,0.1,0.07525743243321725,3.0179460048675537
Q1,ahead,concept,0,1109,0.5185178309342127,0.03991202564377952,0.4,0.11851783093421264,2.2219138145446777
Q2,high_king_shield,concept,0,1675,0.2089230954833918,0.03974279807618315,0.14943283582089553,0.05949025966249627,2.78411602973938
Q3,low,concept,0,1816,0.2530922234430388,0.03342873701965844,0.14394273127753304,0.10914949216550573,2.903398036956787
Q3,mid,concept,0,1756,0.254238183805253,0.032568917156751004,0.1575740318906606,0.09666415191459238,2.973701000213623
Q3,high,concept,0,1428,0.285264408232488,0.036062274703634774,0.20630252100840335,0.07896188722408465,2.7427449226379395
Q1,behind,learned,0,1511,0.3229926381273223,0.07692202482425531,0.1,0.2229926381273223,2.274522066116333
Q1,equal,learned,0,2380,0.1932489133947452,0.03321044429970321,0.1,0.0932489133947452,2.958111047744751
Q1,ahead,learned,0,1109,0.5401613810782409,0.05816734510570113,0.4,0.14016138107824083,2.124744176864624
Q2,high_king_shield,learned,0,1675,0.11866759621679021,0.0438409764934149,0.14943283582089553,0.03076523960410532,2.6222472190856934
Q3,low,learned,0,1816,0.18674032929906187,0.04414963965303548,0.14394273127753304,0.042797598021528827,2.6069231033325195
Q3,mid,learned,0,1756,0.27061589789125096,0.04460609734742587,0.1575740318906606,0.11304186600059035,2.7016801834106445
Q3,high,learned,0,1428,0.33162761215662073,0.052168989269111704,0.20630252100840335,0.12532509114821738,2.518240213394165
Q1,behind,raw,1,1619,0.08618141969256254,0.34406216676267853,0.1,0.013818580307437461,3.3436341285705566
Q1,equal,raw,1,2288,0.46393567042885747,0.1852893923521435,0.1,0.36393567042885744,3.8308370113372803
Q1,ahead,raw,1,1093,0.6824282327786286,0.4809119965180024,0.4,0.2824282327786286,2.881089925765991
Q2,high_king_shield,raw,1,1721,0.4140919420884268,0.2562331618362273,0.1496804183614178,0.26441152372700905,3.460648775100708
Q3,low,raw,1,1807,0.8194534491444141,0.32968049839029473,0.14333148865522966,0.6761219604891844,3.5691730976104736
Q3,mid,raw,1,1744,0.2986191927529675,0.271970969394358,0.15452981651376146,0.14408937623920604,3.5422980785369873
Q3,high,raw,1,1449,0.7572045338301964,0.4038282410911024,0.20662525879917185,0.5505792750310246,3.324773073196411
Q1,behind,concept,1,1619,0.10388367105097045,0.03323819585260898,0.1,0.0038836710509704414,2.8082809448242188
Q1,equal,concept,1,2288,0.22891811714537832,0.02728353955723435,0.1,0.12891811714537832,3.123802900314331
Q1,ahead,concept,1,1093,0.5065599433666046,0.04666152279137176,0.4,0.10655994336660457,2.0774409770965576
Q2,high_king_shield,concept,1,1721,0.31961274790703814,0.049082547786050486,0.1496804183614178,0.16993232954562035,2.908038854598999
Q3,low,concept,1,1807,0.21161277926692687,0.034710576148791,0.14333148865522966,0.06828129061169722,3.0004968643188477
Q3,mid,concept,1,1744,0.23548969082167404,0.03219630913853294,0.15452981651376146,0.08095987430791257,2.8616769313812256
Q3,high,concept,1,1449,0.34246185904290843,0.036215787687382914,0.20662525879917185,0.1358366002437366,2.869281053543091
Q1,behind,learned,1,1619,0.15482595786374048,0.04394417095260511,0.1,0.054825957863740477,2.6474509239196777
Q1,equal,learned,1,2288,0.22537268556004322,0.0342500262963078,0.1,0.12537268556004322,2.8052499294281006
Q1,ahead,learned,1,1093,0.3892282494190675,0.18141511961173512,0.4,0.010771750580932549,2.255432367324829
Q2,high_king_shield,learned,1,1721,0.21823383226102075,0.04432189172171642,0.1496804183614178,0.06855341389960296,2.605583906173706
Q3,low,learned,1,1807,0.15589249255551116,0.045218233055386615,0.14333148865522966,0.012561003900281503,2.6781222820281982
Q3,mid,learned,1,1744,0.20804047600914968,0.043004275490960864,0.15452981651376146,0.05351065949538822,2.633945941925049
Q3,high,learned,1,1449,0.3930985284475705,0.05087197978596514,0.20662525879917185,0.18647326964839864,2.486624002456665
Q1,behind,raw,2,1556,-0.06414584393832559,0.3245049268674924,0.1,0.1641458439383256,3.3967339992523193
Q1,equal,raw,2,2387,0.1278196392576538,0.18738622625141185,0.1,0.027819639257653794,3.8638439178466797
Q1,ahead,raw,2,1057,0.39455519012588297,0.3914867321734064,0.4,0.005444809874117051,2.9428536891937256
Q2,high_king_shield,raw,2,1732,0.6336177389337168,0.27236646675724613,0.15161662817551963,0.4820011107581971,3.515125036239624
Q3,low,raw,2,1838,0.27563740686849736,0.2849659734819056,0.13998911860718172,0.13564828826131564,3.669631004333496
Q3,mid,raw,2,1768,0.4178986960108003,0.24465541401734217,0.15599547511312217,0.26190322089767815,3.5318241119384766
Q3,high,raw,2,1394,0.7254439621626136,0.3337742807372927,0.20373027259684362,0.52171368956577,3.31050705909729
Q1,behind,concept,2,1556,0.18265020740318608,0.03621068673433355,0.1,0.08265020740318607,2.7593302726745605
Q1,equal,concept,2,2387,0.1684734240355142,0.027467607611269408,0.1,0.06847342403551421,3.081709623336792
Q1,ahead,concept,2,1057,0.4887596333626606,0.04279197383995866,0.4,0.08875963336266057,2.1207008361816406
Q2,high_king_shield,concept,2,1732,0.24658283625011215,0.044238952946977876,0.15161662817551963,0.09496620807459252,2.8165910243988037
Q3,low,concept,2,1838,0.22556173287980094,0.03649156025928428,0.13998911860718172,0.08557261427261922,2.9715511798858643
Q3,mid,concept,2,1768,0.2000379606172542,0.03221233795061139,0.15599547511312217,0.044042485504132034,2.918375253677368
Q3,high,concept,2,1394,0.26922415148926526,0.0368046414202751,0.20373027259684362,0.06549387889242164,2.8756680488586426
Q1,behind,learned,2,1556,0.24468532952285607,0.04653545613380831,0.1,0.14468532952285607,2.6616623401641846
Q1,equal,learned,2,2387,0.18486364307157485,0.033268920172342925,0.1,0.08486364307157485,2.8782057762145996
Q1,ahead,learned,2,1057,0.5565327920514365,0.05299115831401601,0.4,0.15653279205143644,2.2788171768188477
Q2,high_king_shield,learned,2,1732,0.1717636811980371,0.04265610346824141,0.15161662817551963,0.020147053022517458,2.5864930152893066
Q3,low,learned,2,1838,0.14646405046932393,0.04267001504305963,0.13998911860718172,0.006474931862142208,2.6148531436920166
Q3,mid,learned,2,1768,0.20211998025959427,0.04201340310386276,0.15599547511312217,0.046124505146472095,2.605059862136841
Q3,high,learned,2,1394,0.3743362116269519,0.05261462693105649,0.20373027259684362,0.1706059390301083,2.388184070587158
Q1,behind,raw,3,1612,0.6073916764838767,0.32896654960504096,0.1,0.5073916764838767,3.3309638500213623
Q1,equal,raw,3,2330,0.260805936369568,0.1886115343416898,0.1,0.160805936369568,3.7617650032043457
Q1,ahead,raw,3,1058,0.08478285514670922,0.38827190794520117,0.4,0.3152171448532908,3.0510358810424805
Q2,high_king_shield,raw,3,1738,0.002593042730767706,0.24951838796294654,0.14746835443037976,0.14487531169961204,3.4352030754089355
Q3,low,raw,3,1843,0.5082991800375775,0.30228812630256324,0.1439500813890396,0.3643490986485378,3.627443790435791
Q3,mid,raw,3,1738,0.5246236322343536,0.309272392983051,0.1547180667433832,0.3699055654909704,3.462399959564209
Q3,high,raw,3,1419,0.6223014054377987,0.37502407355664313,0.1995771670190275,0.42272423841877116,3.443798065185547
Q1,behind,concept,3,1612,0.16946473983532714,0.03224330186915923,0.1,0.06946473983532714,3.0763790607452393
Q1,equal,concept,3,2330,0.21319180455788786,0.0272844913165949,0.1,0.11319180455788785,3.0838921070098877
Q1,ahead,concept,3,1058,0.5119668521795122,0.041009369051910924,0.4,0.11196685217951219,2.0801401138305664
Q2,high_king_shield,concept,3,1738,0.3239320754289465,0.04939401324958563,0.14746835443037976,0.17646372099856672,2.9648170471191406
Q3,low,concept,3,1843,0.23207042298651986,0.029592847682265784,0.1439500813890396,0.08812034159748025,2.9376468658447266
Q3,mid,concept,3,1738,0.25374715636488154,0.03264149329519294,0.1547180667433832,0.09902908962149834,2.8749046325683594
Q3,high,concept,3,1419,0.32135179753473436,0.03571683105570952,0.1995771670190275,0.12177463051570686,2.805026054382324
Q1,behind,learned,3,1612,0.1870554494926561,0.04393720437049017,0.1,0.08705544949265609,2.639927864074707
Q1,equal,learned,3,2330,0.23866372494428706,0.03431353932567621,0.1,0.13866372494428705,2.838886022567749
Q1,ahead,learned,3,1058,0.5424118135872112,0.05397176936518413,0.4,0.14241181358721122,2.2721869945526123
Q2,high_king_shield,learned,3,1738,0.15579921516010273,0.04792311545573431,0.14746835443037976,0.008330860729722972,2.5066580772399902
Q3,low,learned,3,1843,0.13890516405951886,0.042837100737721935,0.1439500813890396,0.005044917329520754,2.7915842533111572
Q3,mid,learned,3,1738,0.2870945278472253,0.04344989596127473,0.1547180667433832,0.13237646110384207,2.6199748516082764
Q3,high,learned,3,1419,0.3226840927230505,0.052989139814927304,0.1995771670190275,0.12310692570402298,2.578195810317993
Q1,behind,raw,4,1580,0.3655180390325994,0.34978487069408665,0.1,0.2655180390325994,3.3239338397979736
Q1,equal,raw,4,2360,0.006385961459612357,0.18568959810230715,0.1,0.09361403854038765,3.7198259830474854
Q1,ahead,raw,4,1060,0.506458801608593,0.4503451867815473,0.4,0.106458801608593,2.9893710613250732
Q2,high_king_shield,raw,4,1764,0.3547957251408245,0.27296807680810053,0.14727891156462586,0.20751681357619867,3.3927111625671387
Q3,low,raw,4,1784,-0.18724617720046782,0.3312101589581324,0.14204035874439463,0.32928653594486246,3.525949001312256
Q3,mid,raw,4,1800,0.4301000887291742,0.2421394111520388,0.15666666666666668,0.27343342206250754,3.5951058864593506
Q3,high,raw,4,1416,0.28389801518904934,0.34939927905829254,0.19957627118644067,0.08432174400260867,3.2943711280822754
Q1,behind,concept,4,1580,0.20713561508537098,0.03910339418022763,0.1,0.10713561508537098,2.934112071990967
Q1,equal,concept,4,2360,0.17227375425735286,0.026834149829855308,0.1,0.07227375425735286,3.041861057281494
Q1,ahead,concept,4,1060,0.5434481395288883,0.041485305316336755,0.4,0.14344813952888824,2.085232973098755
Q2,high_king_shield,concept,4,1764,0.21984962889132373,0.03196712936499264,0.14727891156462586,0.07257071732669787,2.8537049293518066
Q3,low,concept,4,1784,0.31221830290044,0.074290675172562,0.14204035874439463,0.17017794415604537,2.920619010925293
Q3,mid,concept,4,1800,0.23456508573536758,0.030291406874016626,0.15666666666666668,0.0778984190687009,2.869741916656494
Q3,high,concept,4,1416,0.27093167796033035,0.03678253236213032,0.19957627118644067,0.07135540677388968,2.6224920749664307
Q1,behind,learned,4,1580,0.3386714248261309,0.13076017809975718,0.1,0.23867142482613088,2.3710319995880127
Q1,equal,learned,4,2360,0.21775045326738435,0.032415679387176634,0.1,0.11775045326738434,2.8122570514678955
Q1,ahead,learned,4,1060,0.6197599728455424,0.05919665851396326,0.4,0.21975997284554238,2.0292961597442627
Q2,high_king_shield,learned,4,1764,0.18643911852049616,0.041868112307585456,0.14727891156462586,0.0391602069558703,2.4859519004821777
Q3,low,learned,4,1784,0.19729687441607488,0.05683160895010029,0.14204035874439463,0.055256515671680245,2.3829848766326904
Q3,mid,learned,4,1800,0.23374361175025832,0.0418788559631625,0.15666666666666668,0.07707694508359164,2.628718852996826
Q3,high,learned,4,1416,0.3165923858221695,0.053868350460624645,0.19957627118644067,0.11701611463572881,2.3512802124023438
Q1,behind,raw,5,1517,0.11941362254091194,0.3252639090694332,0.1,0.019413622540911932,3.0748178958892822
Q1,equal,raw,5,2390,0.291780178846815,0.16667740747324994,0.1,0.191780178846815,3.704555034637451
Q1,ahead,raw,5,1093,0.4862672584508682,0.45068795872648293,0.4,0.08626725845086819,2.8503358364105225
Q2,high_king_shield,raw,5,1694,0.4225489045620538,0.2499371570939607,0.14533648170011806,0.2772124228619357,3.3368608951568604
Q3,low,raw,5,1794,0.46204171378086184,0.2749453488760112,0.14046822742474918,0.32157348635611266,3.535153865814209
Q3,mid,raw,5,1780,0.6552960270994402,0.2732837923229646,0.15831460674157305,0.4969814203578672,3.3481428623199463
Q3,high,raw,5,1426,0.36970434973355865,0.3414073062097988,0.2062412342215989,0.16346311551195974,3.421722173690796
Q1,behind,concept,5,1517,0.19005970474258904,0.03741556030829941,0.1,0.09005970474258904,2.910572052001953
Q1,equal,concept,5,2390,0.1812235307148421,0.027682926504776308,0.1,0.08122353071484209,3.2124691009521484
Q1,ahead,concept,5,1093,0.5304337412534893,0.04127225416015338,0.4,0.13043374125348928,2.0979318618774414
Q2,high_king_shield,concept,5,1694,0.2579973493562599,0.03887639449273317,0.14533648170011806,0.11266086765614183,2.8586339950561523
Q3,low,concept,5,1794,0.23277711212977917,0.03647340019383005,0.14046822742474918,0.09230888470502999,3.062020778656006
Q3,mid,concept,5,1780,0.282206914552427,0.032914731118911196,0.15831460674157305,0.12389230781085397,3.0649092197418213
Q3,high,concept,5,1426,0.22231965554484112,0.035220074396249246,0.2062412342215989,0.01607842132324222,2.7846310138702393
Q1,behind,learned,5,1517,0.217709969092143,0.048365334972473764,0.1,0.11770996909214299,2.6940629482269287
Q1,equal,learned,5,2390,0.1505396990751309,0.03425746622442886,0.1,0.050539699075130895,2.8408870697021484
Q1,ahead,learned,5,1093,0.602132648264157,0.05207425673517779,0.4,0.202132648264157,2.3218910694122314
Q2,high_king_shield,learned,5,1694,0.18770833213027677,0.051808400820540904,0.14533648170011806,0.0423718504301587,2.6371841430664062
Q3,low,learned,5,1794,0.19981154190099448,0.05355080795198652,0.14046822742474918,0.0593433144762453,2.6399691104888916
Q3,mid,learned,5,1780,0.3018467395393279,0.04632208741354513,0.15831460674157305,0.14353213279775484,2.744398832321167
Q3,high,learned,5,1426,0.1925587396510802,0.050169754185806284,0.2062412342215989,0.013682494570518705,2.4573588371276855
Q1,behind,raw,6,1591,0.6158410775427716,0.31559131185849204,0.1,0.5158410775427716,3.322176218032837
Q1,equal,raw,6,2356,0.1815701230424874,0.1631034779204258,0.1,0.0815701230424874,3.7622358798980713
Q1,ahead,raw,6,1053,1.018451689453087,0.47245161946359615,0.4,0.618451689453087,3.0605039596557617
Q2,high_king_shield,raw,6,1753,0.4340761298037684,0.24753769397001615,0.14860239589275528,0.28547373391101316,3.5925209522247314
Q3,low,raw,6,1770,0.263070906228325,0.29912606421103005,0.1398305084745763,0.12324039775374873,3.504002094268799
Q3,mid,raw,6,1790,0.5828178339894544,0.26511930928084954,0.15564245810055866,0.42717537588889576,3.4140031337738037
Q3,high,raw,6,1440,0.7589409202627228,0.3834824950554493,0.20125,0.5576909202627227,3.3784902095794678
Q1,behind,concept,6,1591,0.1747032611806611,0.0319956306834445,0.1,0.07470326118066109,2.9037179946899414
Q1,equal,concept,6,2356,0.18526611018327663,0.027150119104657196,0.1,0.08526611018327662,3.1583049297332764
Q1,ahead,concept,6,1053,0.5176358909447399,0.04184097520683971,0.4,0.11763589094473992,2.184519052505493
Q2,high_king_shield,concept,6,1753,0.23884725145363392,0.03140932575073064,0.14860239589275528,0.09024485556087863,2.8598690032958984
Q3,low,concept,6,1770,0.2163962768205006,0.031576299103320354,0.1398305084745763,0.07656576834592432,3.033351182937622
Q3,mid,concept,6,1790,0.23395074122190487,0.03096306354921727,0.15564245810055866,0.07830828312134622,3.0012662410736084
Q3,high,concept,6,1440,0.29140676273565114,0.03505173481489491,0.20125,0.09015676273565112,2.820150136947632
Q1,behind,learned,6,1591,0.21778028524712267,0.046771846489460735,0.1,0.11778028524712267,2.439795970916748
Q1,equal,learned,6,2356,0.2082383751516131,0.03386937323258377,0.1,0.10823837515161308,3.064422369003296
Q1,ahead,learned,6,1053,0.5747895102916929,0.054897689985485,0.4,0.17478951029169287,2.2516841888427734
Q2,high_king_shield,learned,6,1753,0.2172333483162513,0.04220646382254986,0.14860239589275528,0.06863095242349601,2.7201857566833496
Q3,low,learned,6,1770,0.17795706967117386,0.04639916609414981,0.1398305084745763,0.038126561196597575,2.6218531131744385
Q3,mid,learned,6,1790,0.2805638858243601,0.045176574565508845,0.15564245810055866,0.12492142772380144,2.700348138809204
Q3,high,learned,6,1440,0.3044086071590926,0.049914928725811936,0.20125,0.10315860715909261,2.476473093032837
Q1,behind,raw,7,1542,0.24274221244247698,0.34156074456448443,0.1,0.14274221244247698,3.240718126296997
Q1,equal,raw,7,2391,0.400705636984522,0.1529947130907733,0.1,0.300705636984522,3.80728816986084
Q1,ahead,raw,7,1067,0.29026989545822585,0.3969900037455557,0.4,0.10973010454177418,2.9984989166259766
Q2,high_king_shield,raw,7,1734,-0.16116951098168347,0.26356531437216696,0.15051903114186851,0.311688542123552,3.6279611587524414
Q3,low,raw,7,1793,0.20369636729592877,0.34372445541383234,0.14099274958170663,0.06270361771422214,3.4828999042510986
Q3,mid,raw,7,1733,0.04163212953302648,0.28049847709788367,0.15643392960184652,0.11480180006882004,3.495835781097412
Q3,high,raw,7,1474,0.19969811409029678,0.36197068308987207,0.20094979647218453,0.0012516823818877476,3.432497024536133
Q1,behind,concept,7,1542,0.14480424835965175,0.035007464358234014,0.1,0.044804248359651744,2.8751838207244873
Q1,equal,concept,7,2391,0.2156306968942744,0.027549026539215978,0.1,0.11563069689427438,3.118335008621216
Q1,ahead,concept,7,1067,0.4607074212873981,0.041465309470798725,0.4,0.06070742128739809,2.182445764541626
Q2,high_king_shield,concept,7,1734,0.22145686671916137,0.032411125267033915,0.15051903114186851,0.07093783557729286,2.800654172897339
Q3,low,concept,7,1793,0.20615770450273976,0.03200699686735539,0.14099274958170663,0.06516495492103314,3.0423758029937744
Q3,mid,concept,7,1733,0.2426115512880444,0.032119406589399525,0.15643392960184652,0.08617762168619789,2.925990104675293
Q3,high,concept,7,1474,0.30486308530591405,0.03569485300732172,0.20094979647218453,0.10391328883372952,2.87994122505188
Q1,behind,learned,7,1542,0.18571486600557402,0.04835192453988624,0.1,0.08571486600557401,2.7337779998779297
Q1,equal,learned,7,2391,0.1925469109501859,0.034737988420427225,0.1,0.09254691095018588,2.8840651512145996
Q1,ahead,learned,7,1067,0.4689093907465377,0.05457667814991181,0.4,0.06890939074653768,2.1358609199523926
Q2,high_king_shield,learned,7,1734,0.16530813450932783,0.04380028815189408,0.15051903114186851,0.01478910336745931,2.584599733352661
Q3,low,learned,7,1793,0.17736384961999346,0.04620732276974627,0.14099274958170663,0.036371100038286835,2.737596035003662
Q3,mid,learned,7,1733,0.1970008550914882,0.04356891120623588,0.15643392960184652,0.04056692548964169,2.689728021621704
Q3,high,learned,7,1474,0.25669920491203263,0.05180724830143509,0.20094979647218453,0.0557494084398481,2.471083879470825
Q1,behind,raw,8,1599,-0.04163790269208001,0.31668529344611435,0.1,0.14163790269208001,3.0733208656311035
Q1,equal,raw,8,2352,0.3412820965502249,0.17895871898475152,0.1,0.2412820965502249,3.7346060276031494
Q1,ahead,raw,8,1049,0.28392030687175496,0.43638350480210003,0.4,0.11607969312824507,2.936384916305542
Q2,high_king_shield,raw,8,1761,0.34393481255619046,0.25096782292834485,0.14923339011925044,0.19470142243694002,3.5872089862823486
Q3,low,raw,8,1780,0.5061111945653152,0.3239705485323072,0.1396067415730337,0.36650445299228146,3.5409512519836426
Q3,mid,raw,8,1799,0.27492969347019725,0.2727563711940149,0.15619788771539744,0.1187318057547998,3.37215518951416
Q3,high,raw,8,1421,0.2949777391586041,0.3262843416573281,0.20070372976776918,0.09427400939083491,3.317141056060791
Q1,behind,concept,8,1599,0.1806319212671307,0.07216027836004762,0.1,0.0806319212671307,2.8540408611297607
Q1,equal,concept,8,2352,0.17330857267131397,0.026218711109307704,0.1,0.07330857267131397,3.0094709396362305
Q1,ahead,concept,8,1049,0.5452737239748825,0.04192584655489867,0.4,0.14527372397488247,2.06584095954895
Q2,high_king_shield,concept,8,1761,0.2222111999036954,0.031071693627152893,0.14923339011925044,0.07297780978444496,2.819617748260498
Q3,low,concept,8,1780,0.26981479692097565,0.058492482249096,0.1396067415730337,0.13020805534794194,2.818441152572632
Q3,mid,concept,8,1799,0.1982598199863783,0.031189902862534966,0.15619788771539744,0.042061932270980845,3.035767078399658
Q3,high,concept,8,1421,0.28247786776478456,0.034480661177784595,0.20070372976776918,0.08177413799701538,2.877336025238037
Q1,behind,learned,8,1599,0.20627207952299628,0.06050470956128,0.1,0.10627207952299628,2.623723030090332
Q1,equal,learned,8,2352,0.16965176760977904,0.03699960438740525,0.1,0.06965176760977904,2.963675022125244
Q1,ahead,learned,8,1049,0.589318282583333,0.05341668092482208,0.4,0.18931828258333294,2.1442108154296875
Q2,high_king_shield,learned,8,1761,0.16874521754570782,0.043092325472631,0.14923339011925044,0.01951182742645738,2.5647690296173096
Q3,low,learned,8,1780,0.19785781136429018,0.04569981707846738,0.1396067415730337,0.058251069791256466,2.6543848514556885
Q3,mid,learned,8,1799,0.19791320989073502,0.042326958453439964,0.15619788771539744,0.04171532217533758,2.6795477867126465
Q3,high,learned,8,1421,0.2976989964487728,0.049404748867403855,0.20070372976776918,0.09699526668100361,2.514293909072876
Q1,behind,raw,9,1563,0.20755952196194252,0.34779647392645585,0.1,0.10755952196194252,3.2949609756469727
Q1,equal,raw,9,2353,0.31212311516172336,0.184871234476882,0.1,0.21212311516172336,3.614625930786133
Q1,ahead,raw,9,1084,0.8403919314877165,0.3404774230303081,0.4,0.4403919314877165,3.0770511627197266
Q2,high_king_shield,raw,9,1703,0.2695914089247724,0.25867043277632407,0.1470346447445684,0.122556764180204,3.5672340393066406
Q3,low,raw,9,1786,0.38052173695134,0.3532464600224522,0.1433370660694289,0.2371846708819111,3.6194686889648438
Q3,mid,raw,9,1795,0.43438324218782665,0.2763562166525869,0.156991643454039,0.27739159873378766,3.490697145462036
Q3,high,raw,9,1419,-0.2520115523625587,0.3511365611376727,0.20253699788583512,0.4545485502483938,3.303621768951416
Q1,behind,concept,9,1563,0.21227852612748557,0.0346313477189906,0.1,0.11227852612748557,2.987196922302246
Q1,equal,concept,9,2353,0.19202502671889488,0.028002579681325822,0.1,0.09202502671889487,3.0541679859161377
Q1,ahead,concept,9,1084,0.47096267148855336,0.03958038709292009,0.4,0.07096267148855334,2.1758718490600586
Q2,high_king_shield,concept,9,1703,0.2543214496600432,0.03494998199629164,0.1470346447445684,0.10728680491547482,2.8622829914093018
Q3,low,concept,9,1786,0.277868034596914,0.03294657392241011,0.1433370660694289,0.1345309685274851,3.0318899154663086
Q3,mid,concept,9,1795,0.25918912920772763,0.03178214233514074,0.156991643454039,0.10219748575368864,3.02006196975708
Q3,high,concept,9,1419,0.2337867479501271,0.03337385038115485,0.20253699788583512,0.03124975006429198,2.78362774848938
Q1,behind,learned,9,1563,0.24573851817611284,0.06829357182250369,0.1,0.14573851817611283,2.478147029876709
Q1,equal,learned,9,2353,0.2136463826935284,0.03332849093299164,0.1,0.11364638269352839,2.862597942352295
Q1,ahead,learned,9,1084,0.5174850815389547,0.0530008009544039,0.4,0.11748508153895465,2.1927249431610107
Q2,high_king_shield,learned,9,1703,0.14899986510731605,0.04469534233823986,0.1470346447445684,0.001965220362747655,2.6006152629852295
Q3,low,learned,9,1786,0.21938826527476063,0.06281749592211176,0.1433370660694289,0.07605119920533174,2.743942975997925
Q3,mid,learned,9,1795,0.2347832942820555,0.04233112613220472,0.156991643454039,0.0777916508280165,2.6307711601257324
Q3,high,learned,9,1419,0.20271200404299614,0.04869916684453252,0.20253699788583512,0.00017500615716101176,2.5222558975219727
