N,gamma,tau_regime,rep,estimator,outcome_model,seed,ate_hat,ate_true,ate_bias,wall_s
500,0.0,homogeneous,raw,dr,lgbm,0,-0.5928298256203183,0.3,0.8928298256203182,2.4940950870513916
500,0.0,homogeneous,raw,dr,linear,0,-0.2710273075413653,0.3,0.5710273075413652,0.02139592170715332
500,0.0,homogeneous,concept,dr,lgbm,0,0.4274943417378814,0.3,0.12749434173788143,1.5331830978393555
500,0.0,homogeneous,concept,dr,linear,0,0.4405873193472425,0.3,0.1405873193472425,0.009241819381713867
500,0.0,homogeneous,learned,dr,lgbm,0,0.7586373976578112,0.3,0.45863739765781125,1.6722948551177979
500,0.0,homogeneous,learned,dr,linear,0,0.6688237170162995,0.3,0.3688237170162995,0.010291099548339844
500,0.0,homogeneous,raw,dr,lgbm,1,0.042185142541925943,0.3,0.25781485745807403,1.7033741474151611
500,0.0,homogeneous,raw,dr,linear,1,-0.402646277868437,0.3,0.702646277868437,0.019874095916748047
500,0.0,homogeneous,concept,dr,lgbm,1,0.35688239944482236,0.3,0.056882399444822374,1.6596601009368896
500,0.0,homogeneous,concept,dr,linear,1,0.3949598137550789,0.3,0.09495981375507889,0.009102821350097656
500,0.0,homogeneous,learned,dr,lgbm,1,0.6236423201955547,0.3,0.32364232019555467,1.6545450687408447
500,0.0,homogeneous,learned,dr,linear,1,0.6743478463443687,0.3,0.37434784634436874,0.010093927383422852
500,0.0,homogeneous,raw,dr,lgbm,2,0.16332030945605622,0.3,0.13667969054394377,1.7986507415771484
500,0.0,homogeneous,raw,dr,linear,2,0.38924205058800326,0.3,0.08924205058800327,0.019340991973876953
500,0.0,homogeneous,concept,dr,lgbm,2,0.4619043791086179,0.3,0.16190437910861794,1.6225202083587646
500,0.0,homogeneous,concept,dr,linear,2,0.48449013547368136,0.3,0.18449013547368137,0.00913691520690918
500,0.0,homogeneous,learned,dr,lgbm,2,0.711332915327013,0.3,0.41133291532701305,1.5319359302520752
500,0.0,homogeneous,learned,dr,linear,2,0.7654954765686086,0.3,0.4654954765686086,0.010276079177856445
500,0.0,homogeneous,raw,dr,lgbm,3,0.6167427068450152,0.3,0.3167427068450152,1.6250958442687988
500,0.0,homogeneous,raw,dr,linear,3,1.186513733542832,0.3,0.8865137335428319,0.019483089447021484
500,0.0,homogeneous,concept,dr,lgbm,3,0.5039905085134766,0.3,0.2039905085134766,1.5519192218780518
500,0.0,homogeneous,concept,dr,linear,3,0.5341601918777196,0.3,0.23416019187771958,0.009150981903076172
500,0.0,homogeneous,learned,dr,lgbm,3,0.6597729572058804,0.3,0.3597729572058804,1.710766077041626
500,0.0,homogeneous,learned,dr,linear,3,0.6809298921144641,0.3,0.3809298921144641,0.009953737258911133
500,0.0,homogeneous,raw,dr,lgbm,4,-0.4625077977613354,0.3,0.7625077977613354,1.6168239116668701
500,0.0,homogeneous,raw,dr,linear,4,-0.6421412705139439,0.3,0.9421412705139438,0.01984691619873047
500,0.0,homogeneous,concept,dr,lgbm,4,0.46676488718787573,0.3,0.16676488718787574,1.6873936653137207
500,0.0,homogeneous,concept,dr,linear,4,0.4703864050526684,0.3,0.1703864050526684,0.00903010368347168
500,0.0,homogeneous,learned,dr,lgbm,4,0.6838969067652664,0.3,0.3838969067652664,1.5594830513000488
500,0.0,homogeneous,learned,dr,linear,4,0.6478669286087881,0.3,0.34786692860878815,0.009942054748535156
500,0.0,homogeneous,raw,dr,lgbm,5,-1.080230245444749,0.3,1.380230245444749,1.776764154434204
500,0.0,homogeneous,raw,dr,linear,5,-0.3803232452063699,0.3,0.6803232452063699,0.019809961318969727
500,0.0,homogeneous,concept,dr,lgbm,5,0.4899903092779902,0.3,0.1899903092779902,1.7059142589569092
500,0.0,homogeneous,concept,dr,linear,5,0.4904318253429828,0.3,0.1904318253429828,0.009645700454711914
500,0.0,homogeneous,learned,dr,lgbm,5,0.578748713006211,0.3,0.278748713006211,1.675623893737793
500,0.0,homogeneous,learned,dr,linear,5,0.6253001365646063,0.3,0.32530013656460627,0.010532855987548828
500,0.0,homogeneous,raw,dr,lgbm,6,0.04864135035105262,0.3,0.2513586496489474,1.6574339866638184
500,0.0,homogeneous,raw,dr,linear,6,0.028088112942917368,0.3,0.27191188705708264,0.019546031951904297
500,0.0,homogeneous,concept,dr,lgbm,6,0.514841697196894,0.3,0.214841697196894,1.6762282848358154
500,0.0,homogeneous,concept,dr,linear,6,0.5384349112202395,0.3,0.23843491122023946,0.009237051010131836
500,0.0,homogeneous,learned,dr,lgbm,6,0.7884733501575775,0.3,0.4884733501575775,1.5648081302642822
500,0.0,homogeneous,learned,dr,linear,6,0.7778627260729996,0.3,0.47786272607299957,0.01064300537109375
500,0.0,homogeneous,raw,dr,lgbm,7,0.22976477532660572,0.3,0.07023522467339427,1.6609389781951904
500,0.0,homogeneous,raw,dr,linear,7,0.3971793317795876,0.3,0.0971793317795876,0.01942920684814453
500,0.0,homogeneous,concept,dr,lgbm,7,0.5895528255363778,0.3,0.2895528255363778,1.5862219333648682
500,0.0,homogeneous,concept,dr,linear,7,0.5520023886301099,0.3,0.2520023886301099,0.00924062728881836
500,0.0,homogeneous,learned,dr,lgbm,7,0.7657158145059024,0.3,0.46571581450590244,1.6696698665618896
500,0.0,homogeneous,learned,dr,linear,7,0.774297014521596,0.3,0.47429701452159606,0.010588884353637695
500,0.0,homogeneous,raw,dr,lgbm,8,-0.6061403567184267,0.3,0.9061403567184267,1.801117181777954
500,0.0,homogeneous,raw,dr,linear,8,-0.03278919496049746,0.3,0.33278919496049747,0.01938796043395996
500,0.0,homogeneous,concept,dr,lgbm,8,0.5724563395242412,0.3,0.27245633952424125,1.6914880275726318
500,0.0,homogeneous,concept,dr,linear,8,0.569269609297278,0.3,0.269269609297278,0.00919198989868164
500,0.0,homogeneous,learned,dr,lgbm,8,0.692723180300912,0.3,0.39272318030091197,1.5618360042572021
500,0.0,homogeneous,learned,dr,linear,8,0.7648319597287484,0.3,0.4648319597287484,0.010550975799560547
500,0.0,homogeneous,raw,dr,lgbm,9,-1.0506869447079048,0.3,1.3506869447079048,1.9015271663665771
500,0.0,homogeneous,raw,dr,linear,9,-0.7342780072085136,0.3,1.0342780072085136,0.019608020782470703
500,0.0,homogeneous,concept,dr,lgbm,9,0.47652849636780853,0.3,0.17652849636780854,1.5444800853729248
500,0.0,homogeneous,concept,dr,linear,9,0.452477871387272,0.3,0.15247787138727203,0.009293079376220703
500,0.0,homogeneous,learned,dr,lgbm,9,0.7648427382335886,0.3,0.4648427382335886,1.6626582145690918
500,0.0,homogeneous,learned,dr,linear,9,0.7744203054518725,0.3,0.47442030545187247,0.010807991027832031
1000,0.0,homogeneous,raw,dr,lgbm,0,0.1943569951112876,0.3,0.1056430048887124,2.4082720279693604
1000,0.0,homogeneous,raw,dr,linear,0,0.38125895523319797,0.3,0.08125895523319798,0.02558588981628418
1000,0.0,homogeneous,concept,dr,lgbm,0,0.47177623318858963,0.3,0.17177623318858964,2.1588900089263916
1000,0.0,homogeneous,concept,dr,linear,0,0.4771728596676117,0.3,0.1771728596676117,0.010303020477294922
1000,0.0,homogeneous,learned,dr,lgbm,0,0.6588604145410796,0.3,0.3588604145410796,2.0196728706359863
1000,0.0,homogeneous,learned,dr,linear,0,0.6776418104466962,0.3,0.37764181044669626,0.011973142623901367
1000,0.0,homogeneous,raw,dr,lgbm,1,-0.333319980655763,0.3,0.633319980655763,2.443355083465576
1000,0.0,homogeneous,raw,dr,linear,1,0.16893124380686464,0.3,0.13106875619313535,0.026041746139526367
1000,0.0,homogeneous,concept,dr,lgbm,1,0.550009715846818,0.3,0.250009715846818,2.072636365890503
1000,0.0,homogeneous,concept,dr,linear,1,0.528618709205257,0.3,0.228618709205257,0.010389089584350586
1000,0.0,homogeneous,learned,dr,lgbm,1,0.6965179924558257,0.3,0.3965179924558257,1.8567790985107422
1000,0.0,homogeneous,learned,dr,linear,1,0.7210780868918422,0.3,0.4210780868918422,0.011219978332519531
1000,0.0,homogeneous,raw,dr,lgbm,2,0.1772505774928349,0.3,0.12274942250716508,2.29990291595459
1000,0.0,homogeneous,raw,dr,linear,2,0.5171497537847034,0.3,0.21714975378470341,0.025619983673095703
1000,0.0,homogeneous,concept,dr,lgbm,2,0.4182818094721035,0.3,0.11828180947210354,1.9887197017669678
1000,0.0,homogeneous,concept,dr,linear,2,0.448052824153471,0.3,0.14805282415347099,0.010059118270874023
1000,0.0,homogeneous,learned,dr,lgbm,2,0.6936467856155281,0.3,0.39364678561552807,2.1060750484466553
1000,0.0,homogeneous,learned,dr,linear,2,0.7204544244147776,0.3,0.4204544244147776,0.01154184341430664
1000,0.0,homogeneous,raw,dr,lgbm,3,-0.06433940378875373,0.3,0.36433940378875374,2.4536359310150146
1000,0.0,homogeneous,raw,dr,linear,3,0.21379394616934377,0.3,0.08620605383065622,0.026089906692504883
1000,0.0,homogeneous,concept,dr,lgbm,3,0.5156611034116827,0.3,0.2156611034116827,1.9998161792755127
1000,0.0,homogeneous,concept,dr,linear,3,0.5218524934311914,0.3,0.22185249343119146,0.013159751892089844
1000,0.0,homogeneous,learned,dr,lgbm,3,0.6490497877923788,0.3,0.3490497877923788,2.0343711376190186
1000,0.0,homogeneous,learned,dr,linear,3,0.6985116479907778,0.3,0.3985116479907778,0.01195383071899414
1000,0.0,homogeneous,raw,dr,lgbm,4,-0.07110457763048754,0.3,0.37110457763048754,2.436370849609375
1000,0.0,homogeneous,raw,dr,linear,4,0.30575417655973847,0.3,0.0057541765597384775,0.025558948516845703
1000,0.0,homogeneous,concept,dr,lgbm,4,0.4989435882705595,0.3,0.19894358827055952,2.08250093460083
1000,0.0,homogeneous,concept,dr,linear,4,0.48871164974179265,0.3,0.18871164974179266,0.010404109954833984
1000,0.0,homogeneous,learned,dr,lgbm,4,0.6608645259663017,0.3,0.36086452596630175,2.024155855178833
1000,0.0,homogeneous,learned,dr,linear,4,0.6816158378592382,0.3,0.3816158378592382,0.011510133743286133
1000,0.0,homogeneous,raw,dr,lgbm,5,0.07947876538284304,0.3,0.22052123461715695,2.4808380603790283
1000,0.0,homogeneous,raw,dr,linear,5,0.4254768832515899,0.3,0.1254768832515899,0.025474071502685547
1000,0.0,homogeneous,concept,dr,lgbm,5,0.5109277868559593,0.3,0.2109277868559593,2.1297709941864014
1000,0.0,homogeneous,concept,dr,linear,5,0.5173246009125612,0.3,0.21732460091256117,0.010463953018188477
1000,0.0,homogeneous,learned,dr,lgbm,5,0.6737794094879579,0.3,0.3737794094879579,1.9377248287200928
1000,0.0,homogeneous,learned,dr,linear,5,0.6885674153313347,0.3,0.3885674153313347,0.011733055114746094
1000,0.0,homogeneous,raw,dr,lgbm,6,0.25894801220993297,0.3,0.041051987790067024,2.446794033050537
1000,0.0,homogeneous,raw,dr,linear,6,0.3627846394592776,0.3,0.06278463945927759,0.025380849838256836
1000,0.0,homogeneous,concept,dr,lgbm,6,0.5099479816257708,0.3,0.20994798162577083,2.1195640563964844
1000,0.0,homogeneous,concept,dr,linear,6,0.5024052039975397,0.3,0.20240520399753975,0.010250091552734375
1000,0.0,homogeneous,learned,dr,lgbm,6,0.6896229684520193,0.3,0.3896229684520193,2.096837043762207
1000,0.0,homogeneous,learned,dr,linear,6,0.7109783586792646,0.3,0.41097835867926463,0.01140904426574707
1000,0.0,homogeneous,raw,dr,lgbm,7,-0.17709718639779368,0.3,0.47709718639779364,2.483759880065918
1000,0.0,homogeneous,raw,dr,linear,7,0.15449143777178068,0.3,0.1455085622282193,0.02588486671447754
1000,0.0,homogeneous,concept,dr,lgbm,7,0.5391513069137348,0.3,0.23915130691373482,2.1886889934539795
1000,0.0,homogeneous,concept,dr,linear,7,0.5319257359267866,0.3,0.2319257359267866,0.010465145111083984
1000,0.0,homogeneous,learned,dr,lgbm,7,0.6622011232173122,0.3,0.3622011232173122,2.0830190181732178
1000,0.0,homogeneous,learned,dr,linear,7,0.6647924532245127,0.3,0.36479245322451276,0.011760234832763672
1000,0.0,homogeneous,raw,dr,lgbm,8,0.13364610255148116,0.3,0.16635389744851883,2.4136950969696045
1000,0.0,homogeneous,raw,dr,linear,8,0.4791122878370675,0.3,0.1791122878370675,0.026380062103271484
1000,0.0,homogeneous,concept,dr,lgbm,8,0.4713968748867795,0.3,0.17139687488677952,2.180790901184082
1000,0.0,homogeneous,concept,dr,linear,8,0.4621117676264559,0.3,0.1621117676264559,0.010266304016113281
1000,0.0,homogeneous,learned,dr,lgbm,8,0.6044784126496454,0.3,0.3044784126496454,2.1316328048706055
1000,0.0,homogeneous,learned,dr,linear,8,0.6093041152352274,0.3,0.30930411523522744,0.012462854385375977
1000,0.0,homogeneous,raw,dr,lgbm,9,-0.35561022031010336,0.3,0.6556102203101033,2.596327781677246
1000,0.0,homogeneous,raw,dr,linear,9,0.057557170346000136,0.3,0.24244282965399985,0.027673006057739258
1000,0.0,homogeneous,concept,dr,lgbm,9,0.43943186837149967,0.3,0.13943186837149968,2.3316500186920166
1000,0.0,homogeneous,concept,dr,linear,9,0.4546282682531792,0.3,0.1546282682531792,0.011610984802246094
1000,0.0,homogeneous,learned,dr,lgbm,9,0.6301589314242839,0.3,0.33015893142428393,2.1864750385284424
1000,0.0,homogeneous,learned,dr,linear,9,0.6548679240811986,0.3,0.35486792408119866,0.013455867767333984
2000,0.0,homogeneous,raw,dr,lgbm,0,0.31221836549800713,0.3,0.012218365498007144,2.682332992553711
2000,0.0,homogeneous,raw,dr,linear,0,0.4006419027615949,0.3,0.1006419027615949,0.041333913803100586
2000,0.0,homogeneous,concept,dr,lgbm,0,0.4641071992491644,0.3,0.1641071992491644,2.857107162475586
2000,0.0,homogeneous,concept,dr,linear,0,0.4765531316738677,0.3,0.1765531316738677,0.013122081756591797
2000,0.0,homogeneous,learned,dr,lgbm,0,0.6540555910573186,0.3,0.3540555910573186,2.6484360694885254
2000,0.0,homogeneous,learned,dr,linear,0,0.6821904150402068,0.3,0.38219041504020684,0.014478206634521484
2000,0.0,homogeneous,raw,dr,lgbm,1,0.38400899793651616,0.3,0.08400899793651617,2.7051069736480713
2000,0.0,homogeneous,raw,dr,linear,1,0.5026059280950116,0.3,0.2026059280950116,0.041758060455322266
2000,0.0,homogeneous,concept,dr,lgbm,1,0.5314280734441849,0.3,0.23142807344418487,2.8847920894622803
2000,0.0,homogeneous,concept,dr,linear,1,0.5283946428725729,0.3,0.22839464287257288,0.01820206642150879
2000,0.0,homogeneous,learned,dr,lgbm,1,0.6921023410385766,0.3,0.3921023410385766,2.730912923812866
2000,0.0,homogeneous,learned,dr,linear,1,0.7227876881792009,0.3,0.4227876881792009,0.014179706573486328
2000,0.0,homogeneous,raw,dr,lgbm,2,0.3109769189640836,0.3,0.010976918964083593,2.5982680320739746
2000,0.0,homogeneous,raw,dr,linear,2,0.41727933691698765,0.3,0.11727933691698766,0.050147056579589844
2000,0.0,homogeneous,concept,dr,lgbm,2,0.4181550973999259,0.3,0.11815509739992591,2.812432050704956
2000,0.0,homogeneous,concept,dr,linear,2,0.4408863278162473,0.3,0.14088632781624733,0.013904333114624023
2000,0.0,homogeneous,learned,dr,lgbm,2,0.5869354308461121,0.3,0.2869354308461121,2.693026065826416
2000,0.0,homogeneous,learned,dr,linear,2,0.6273766669100875,0.3,0.32737666691008754,0.014708280563354492
2000,0.0,homogeneous,raw,dr,lgbm,3,0.31085350211820906,0.3,0.010853502118209069,2.6040260791778564
2000,0.0,homogeneous,raw,dr,linear,3,0.4570694421501617,0.3,0.15706944215016172,0.04257607460021973
2000,0.0,homogeneous,concept,dr,lgbm,3,0.5162177796344889,0.3,0.2162177796344889,2.952852964401245
2000,0.0,homogeneous,concept,dr,linear,3,0.5237892589367165,0.3,0.22378925893671647,0.013231992721557617
2000,0.0,homogeneous,learned,dr,lgbm,3,0.6919891554909815,0.3,0.3919891554909815,2.780930995941162
2000,0.0,homogeneous,learned,dr,linear,3,0.7321183956171277,0.3,0.43211839561712767,0.014546871185302734
2000,0.0,homogeneous,raw,dr,lgbm,4,0.3497913801573865,0.3,0.04979138015738649,2.560422897338867
2000,0.0,homogeneous,raw,dr,linear,4,0.4355159054463072,0.3,0.1355159054463072,0.05110788345336914
2000,0.0,homogeneous,concept,dr,lgbm,4,0.4823954100542627,0.3,0.18239541005426269,2.724189281463623
2000,0.0,homogeneous,concept,dr,linear,4,0.4834421804217733,0.3,0.1834421804217733,0.01342916488647461
2000,0.0,homogeneous,learned,dr,lgbm,4,0.6532924393649333,0.3,0.3532924393649333,2.7784337997436523
2000,0.0,homogeneous,learned,dr,linear,4,0.6864820101572948,0.3,0.38648201015729483,0.015880107879638672
2000,0.0,homogeneous,raw,dr,lgbm,5,0.3455237167857027,0.3,0.04552371678570272,2.6420199871063232
2000,0.0,homogeneous,raw,dr,linear,5,0.4701592326147166,0.3,0.1701592326147166,0.05099177360534668
2000,0.0,homogeneous,concept,dr,lgbm,5,0.5114365726585035,0.3,0.21143657265850352,2.9860219955444336
2000,0.0,homogeneous,concept,dr,linear,5,0.5090311137697727,0.3,0.20903111376977274,0.012964010238647461
2000,0.0,homogeneous,learned,dr,lgbm,5,0.6956210244471268,0.3,0.3956210244471268,2.663275957107544
2000,0.0,homogeneous,learned,dr,linear,5,0.7284614483561802,0.3,0.4284614483561802,0.015446186065673828
2000,0.0,homogeneous,raw,dr,lgbm,6,0.394243442395461,0.3,0.09424344239546101,2.4466559886932373
2000,0.0,homogeneous,raw,dr,linear,6,0.4602251444152839,0.3,0.1602251444152839,0.044458866119384766
2000,0.0,homogeneous,concept,dr,lgbm,6,0.4717048214177156,0.3,0.1717048214177156,2.677121877670288
2000,0.0,homogeneous,concept,dr,linear,6,0.4737883155545064,0.3,0.1737883155545064,0.012413740158081055
2000,0.0,homogeneous,learned,dr,lgbm,6,0.681223570735988,0.3,0.38122357073598806,2.468614101409912
2000,0.0,homogeneous,learned,dr,linear,6,0.7074145760197433,0.3,0.40741457601974335,0.01471090316772461
2000,0.0,homogeneous,raw,dr,lgbm,7,0.3476851325024248,0.3,0.04768513250242479,2.4327921867370605
2000,0.0,homogeneous,raw,dr,linear,7,0.4776587076902527,0.3,0.17765870769025272,0.038342952728271484
2000,0.0,homogeneous,concept,dr,lgbm,7,0.5310457812359854,0.3,0.23104578123598546,2.7073850631713867
2000,0.0,homogeneous,concept,dr,linear,7,0.5260250103868868,0.3,0.22602501038688677,0.012218236923217773
2000,0.0,homogeneous,learned,dr,lgbm,7,0.6959191736997211,0.3,0.3959191736997211,2.5217602252960205
2000,0.0,homogeneous,learned,dr,linear,7,0.7201883339479667,0.3,0.4201883339479667,0.01369786262512207
2000,0.0,homogeneous,raw,dr,lgbm,8,0.3602819242923443,0.3,0.0602819242923443,2.3278889656066895
2000,0.0,homogeneous,raw,dr,linear,8,0.4529233875748452,0.3,0.1529233875748452,0.037611961364746094
2000,0.0,homogeneous,concept,dr,lgbm,8,0.4877808612307845,0.3,0.18778086123078452,2.7245078086853027
2000,0.0,homogeneous,concept,dr,linear,8,0.48988766768712017,0.3,0.18988766768712018,0.012305736541748047
2000,0.0,homogeneous,learned,dr,lgbm,8,0.6461214296121264,0.3,0.3461214296121264,2.542102098464966
2000,0.0,homogeneous,learned,dr,linear,8,0.6829396639462947,0.3,0.3829396639462947,0.014431953430175781
2000,0.0,homogeneous,raw,dr,lgbm,9,0.3455332308566288,0.3,0.045533230856628804,2.6135098934173584
2000,0.0,homogeneous,raw,dr,linear,9,0.4586110791184856,0.3,0.1586110791184856,0.03877520561218262
2000,0.0,homogeneous,concept,dr,lgbm,9,0.4230764579752407,0.3,0.1230764579752407,2.764681339263916
2000,0.0,homogeneous,concept,dr,linear,9,0.4499312636599542,0.3,0.14993126365995418,0.012084007263183594
2000,0.0,homogeneous,learned,dr,lgbm,9,0.6148588257884504,0.3,0.3148588257884504,2.5656769275665283
2000,0.0,homogeneous,learned,dr,linear,9,0.6533998041560957,0.3,0.3533998041560957,0.013739824295043945
5000,0.0,homogeneous,raw,dr,lgbm,0,0.43666617739880315,0.3,0.13666617739880316,2.376375913619995
5000,0.0,homogeneous,raw,dr,linear,0,0.4634840439580023,0.3,0.1634840439580023,0.08083105087280273
5000,0.0,homogeneous,concept,dr,lgbm,0,0.47961479469271806,0.3,0.17961479469271807,3.3761608600616455
5000,0.0,homogeneous,concept,dr,linear,0,0.48693538337174647,0.3,0.18693538337174648,0.02070903778076172
5000,0.0,homogeneous,learned,dr,lgbm,0,0.6685098759967686,0.3,0.3685098759967686,3.0704379081726074
5000,0.0,homogeneous,learned,dr,linear,0,0.7002645015286952,0.3,0.40026450152869525,0.021013975143432617
5000,0.0,homogeneous,raw,dr,lgbm,1,0.42132144928156984,0.3,0.12132144928156985,2.5377581119537354
5000,0.0,homogeneous,raw,dr,linear,1,0.4424560575319295,0.3,0.14245605753192953,0.09108400344848633
5000,0.0,homogeneous,concept,dr,lgbm,1,0.5069798377319027,0.3,0.2069798377319027,3.68753981590271
5000,0.0,homogeneous,concept,dr,linear,1,0.5086913355175656,0.3,0.20869133551756563,0.018604040145874023
5000,0.0,homogeneous,learned,dr,lgbm,1,0.6876380146081387,0.3,0.3876380146081387,3.3292670249938965
5000,0.0,homogeneous,learned,dr,linear,1,0.7287784077334296,0.3,0.4287784077334296,0.022617816925048828
5000,0.0,homogeneous,raw,dr,lgbm,2,0.4154467314451079,0.3,0.11544673144510792,2.497873067855835
5000,0.0,homogeneous,raw,dr,linear,2,0.43874901536876515,0.3,0.13874901536876516,0.09351277351379395
5000,0.0,homogeneous,concept,dr,lgbm,2,0.45020010521470094,0.3,0.15020010521470095,3.6367781162261963
5000,0.0,homogeneous,concept,dr,linear,2,0.46037594377822516,0.3,0.16037594377822517,0.019069194793701172
5000,0.0,homogeneous,learned,dr,lgbm,2,0.6406595088783205,0.3,0.34065950887832047,3.4586737155914307
5000,0.0,homogeneous,learned,dr,linear,2,0.6632330875314945,0.3,0.36323308753149447,0.022845983505249023
5000,0.0,homogeneous,raw,dr,lgbm,3,0.4300162985280422,0.3,0.1300162985280422,2.4943249225616455
5000,0.0,homogeneous,raw,dr,linear,3,0.4545303167247675,0.3,0.15453031672476752,0.08776712417602539
5000,0.0,homogeneous,concept,dr,lgbm,3,0.47423318874361253,0.3,0.17423318874361254,3.6274168491363525
5000,0.0,homogeneous,concept,dr,linear,3,0.485652876135989,0.3,0.18565287613598902,0.019510746002197266
5000,0.0,homogeneous,learned,dr,lgbm,3,0.6826579129903123,0.3,0.3826579129903123,3.5947489738464355
5000,0.0,homogeneous,learned,dr,linear,3,0.7204984316289145,0.3,0.4204984316289145,0.025502920150756836
5000,0.0,homogeneous,raw,dr,lgbm,4,0.4343335814216472,0.3,0.1343335814216472,2.49279522895813
5000,0.0,homogeneous,raw,dr,linear,4,0.45006987873432547,0.3,0.15006987873432548,0.0964820384979248
5000,0.0,homogeneous,concept,dr,lgbm,4,0.46379959883774946,0.3,0.16379959883774947,3.5445430278778076
5000,0.0,homogeneous,concept,dr,linear,4,0.4698983411188213,0.3,0.1698983411188213,0.018409013748168945
5000,0.0,homogeneous,learned,dr,lgbm,4,0.640939704078094,0.3,0.340939704078094,3.360970973968506
5000,0.0,homogeneous,learned,dr,linear,4,0.6689402028168521,0.3,0.3689402028168521,0.023235797882080078
5000,0.0,homogeneous,raw,dr,lgbm,5,0.4603499456089745,0.3,0.16034994560897453,2.4967200756073
5000,0.0,homogeneous,raw,dr,linear,5,0.48419717076905744,0.3,0.18419717076905745,0.09209108352661133
5000,0.0,homogeneous,concept,dr,lgbm,5,0.49614760338582453,0.3,0.19614760338582454,3.687937021255493
5000,0.0,homogeneous,concept,dr,linear,5,0.5074724729602617,0.3,0.20747247296026167,0.01941204071044922
5000,0.0,homogeneous,learned,dr,lgbm,5,0.7031214213944555,0.3,0.40312142139445556,3.4914119243621826
5000,0.0,homogeneous,learned,dr,linear,5,0.7272242730529896,0.3,0.42722427305298966,0.02305889129638672
5000,0.0,homogeneous,raw,dr,lgbm,6,0.4630692675549278,0.3,0.1630692675549278,2.5030338764190674
5000,0.0,homogeneous,raw,dr,linear,6,0.47590167384446463,0.3,0.17590167384446465,0.08896708488464355
5000,0.0,homogeneous,concept,dr,lgbm,6,0.48632690834882975,0.3,0.18632690834882976,3.6532609462738037
5000,0.0,homogeneous,concept,dr,linear,6,0.4981792132897305,0.3,0.19817921328973054,0.018867015838623047
5000,0.0,homogeneous,learned,dr,lgbm,6,0.6823383731613366,0.3,0.3823383731613366,3.4662747383117676
5000,0.0,homogeneous,learned,dr,linear,6,0.7016568369214526,0.3,0.40165683692145265,0.022106170654296875
5000,0.0,homogeneous,raw,dr,lgbm,7,0.454455941863435,0.3,0.15445594186343503,2.5528738498687744
5000,0.0,homogeneous,raw,dr,linear,7,0.47586354328206004,0.3,0.17586354328206005,0.09020495414733887
5000,0.0,homogeneous,concept,dr,lgbm,7,0.5079052710465453,0.3,0.20790527104654527,3.6217000484466553
5000,0.0,homogeneous,concept,dr,linear,7,0.5217347198074407,0.3,0.2217347198074407,0.018100976943969727
5000,0.0,homogeneous,learned,dr,lgbm,7,0.688420751262368,0.3,0.388420751262368,3.3893110752105713
5000,0.0,homogeneous,learned,dr,linear,7,0.7307877051931037,0.3,0.43078770519310366,0.023314237594604492
5000,0.0,homogeneous,raw,dr,lgbm,8,0.44057206937141374,0.3,0.14057206937141375,2.5000293254852295
5000,0.0,homogeneous,raw,dr,linear,8,0.4633604106766106,0.3,0.1633604106766106,0.09570884704589844
5000,0.0,homogeneous,concept,dr,lgbm,8,0.5008255520707148,0.3,0.20082555207071479,3.6131503582000732
5000,0.0,homogeneous,concept,dr,linear,8,0.5177218692867402,0.3,0.21772186928674025,0.019069910049438477
5000,0.0,homogeneous,learned,dr,lgbm,8,0.6844172113554922,0.3,0.38441721135549217,3.366489887237549
5000,0.0,homogeneous,learned,dr,linear,8,0.7126058927266467,0.3,0.41260589272664666,0.02232503890991211
5000,0.0,homogeneous,raw,dr,lgbm,9,0.4177428153390342,0.3,0.11774281533903419,2.5229151248931885
5000,0.0,homogeneous,raw,dr,linear,9,0.44077152889019533,0.3,0.14077152889019534,0.09598827362060547
5000,0.0,homogeneous,concept,dr,lgbm,9,0.47601575453491907,0.3,0.17601575453491908,3.5884029865264893
5000,0.0,homogeneous,concept,dr,linear,9,0.47638885267399095,0.3,0.17638885267399096,0.01881694793701172
5000,0.0,homogeneous,learned,dr,lgbm,9,0.6802632797132955,0.3,0.3802632797132955,3.323988914489746
5000,0.0,homogeneous,learned,dr,linear,9,0.7076930100519748,0.3,0.40769301005197484,0.023470163345336914
10000,0.0,homogeneous,raw,dr,lgbm,0,0.44375176872148014,0.3,0.14375176872148016,3.282277822494507
10000,0.0,homogeneous,raw,dr,linear,0,0.46044585112547987,0.3,0.16044585112547988,0.1682891845703125
10000,0.0,homogeneous,concept,dr,lgbm,0,0.48313896018691205,0.3,0.18313896018691206,4.106000900268555
10000,0.0,homogeneous,concept,dr,linear,0,0.49379276051041665,0.3,0.19379276051041666,0.028440237045288086
10000,0.0,homogeneous,learned,dr,lgbm,0,0.6571252597755659,0.3,0.3571252597755659,3.9908480644226074
10000,0.0,homogeneous,learned,dr,linear,0,0.6960411639242642,0.3,0.3960411639242642,0.03479290008544922
10000,0.0,homogeneous,raw,dr,lgbm,1,0.4210167226737936,0.3,0.1210167226737936,3.2700772285461426
10000,0.0,homogeneous,raw,dr,linear,1,0.4491900762841637,0.3,0.1491900762841637,0.17756414413452148
10000,0.0,homogeneous,concept,dr,lgbm,1,0.47776503951830757,0.3,0.17776503951830758,4.188294887542725
10000,0.0,homogeneous,concept,dr,linear,1,0.49885628267554777,0.3,0.19885628267554778,0.027428865432739258
10000,0.0,homogeneous,learned,dr,lgbm,1,0.6791001610447496,0.3,0.3791001610447496,3.9219870567321777
10000,0.0,homogeneous,learned,dr,linear,1,0.7077017766399553,0.3,0.40770177663995527,0.034388065338134766
10000,0.0,homogeneous,raw,dr,lgbm,2,0.4242346255559115,0.3,0.12423462555591153,3.2671420574188232
10000,0.0,homogeneous,raw,dr,linear,2,0.44199948737972905,0.3,0.14199948737972906,0.1739518642425537
10000,0.0,homogeneous,concept,dr,lgbm,2,0.4597657943281466,0.3,0.15976579432814664,3.9808781147003174
10000,0.0,homogeneous,concept,dr,linear,2,0.47059451506817696,0.3,0.17059451506817697,0.028651952743530273
10000,0.0,homogeneous,learned,dr,lgbm,2,0.6320314762455989,0.3,0.33203147624559887,3.7321629524230957
10000,0.0,homogeneous,learned,dr,linear,2,0.6701938722193396,0.3,0.3701938722193396,0.03639388084411621
10000,0.0,homogeneous,raw,dr,lgbm,3,0.4354497713584715,0.3,0.13544977135847153,3.2748050689697266
10000,0.0,homogeneous,raw,dr,linear,3,0.456017289324143,0.3,0.156017289324143,0.1733541488647461
10000,0.0,homogeneous,concept,dr,lgbm,3,0.4702054154016521,0.3,0.17020541540165213,3.9867279529571533
10000,0.0,homogeneous,concept,dr,linear,3,0.4931527797957506,0.3,0.19315277979575063,0.03512692451477051
10000,0.0,homogeneous,learned,dr,lgbm,3,0.664479607272317,0.3,0.36447960727231704,3.8559160232543945
10000,0.0,homogeneous,learned,dr,linear,3,0.7057573816258668,0.3,0.4057573816258668,0.03761696815490723
10000,0.0,homogeneous,raw,dr,lgbm,4,0.4292218443432786,0.3,0.1292218443432786,3.2599079608917236
10000,0.0,homogeneous,raw,dr,linear,4,0.4491991091324459,0.3,0.14919910913244588,0.17487835884094238
10000,0.0,homogeneous,concept,dr,lgbm,4,0.45544025620700623,0.3,0.15544025620700624,4.082452058792114
10000,0.0,homogeneous,concept,dr,linear,4,0.4820782148930117,0.3,0.18207821489301174,0.02859783172607422
10000,0.0,homogeneous,learned,dr,lgbm,4,0.6593590968822982,0.3,0.3593590968822982,4.026483774185181
10000,0.0,homogeneous,learned,dr,linear,4,0.6959412804813587,0.3,0.39594128048135874,0.03649616241455078
10000,0.0,homogeneous,raw,dr,lgbm,5,0.45047366035392084,0.3,0.15047366035392085,3.373530864715576
10000,0.0,homogeneous,raw,dr,linear,5,0.4737115034004486,0.3,0.1737115034004486,0.17247486114501953
10000,0.0,homogeneous,concept,dr,lgbm,5,0.49565388013377765,0.3,0.19565388013377766,4.011871099472046
10000,0.0,homogeneous,concept,dr,linear,5,0.50732052576582,0.3,0.20732052576582,0.02822089195251465
10000,0.0,homogeneous,learned,dr,lgbm,5,0.6794099096853822,0.3,0.3794099096853822,3.899700880050659
10000,0.0,homogeneous,learned,dr,linear,5,0.7235335269048915,0.3,0.4235335269048915,0.03623080253601074
10000,0.0,homogeneous,raw,dr,lgbm,6,0.4545553744253352,0.3,0.15455537442533523,3.279355049133301
10000,0.0,homogeneous,raw,dr,linear,6,0.47496047002134956,0.3,0.17496047002134957,0.17511582374572754
10000,0.0,homogeneous,concept,dr,lgbm,6,0.4746177619156192,0.3,0.17461776191561923,4.0193891525268555
10000,0.0,homogeneous,concept,dr,linear,6,0.4922685646587833,0.3,0.19226856465878334,0.032959938049316406
10000,0.0,homogeneous,learned,dr,lgbm,6,0.6688686291535849,0.3,0.3688686291535849,3.8407108783721924
10000,0.0,homogeneous,learned,dr,linear,6,0.7068988562790554,0.3,0.40689885627905537,0.035459041595458984
10000,0.0,homogeneous,raw,dr,lgbm,7,0.4541070374814294,0.3,0.1541070374814294,3.2915101051330566
10000,0.0,homogeneous,raw,dr,linear,7,0.48047893511154216,0.3,0.18047893511154217,0.17050385475158691
10000,0.0,homogeneous,concept,dr,lgbm,7,0.5043581414368411,0.3,0.2043581414368411,4.022303819656372
10000,0.0,homogeneous,concept,dr,linear,7,0.5171653550354609,0.3,0.21716535503546092,0.027755022048950195
10000,0.0,homogeneous,learned,dr,lgbm,7,0.7072181872403371,0.3,0.40721818724033715,3.983323097229004
10000,0.0,homogeneous,learned,dr,linear,7,0.7478680475246935,0.3,0.4478680475246935,0.034414052963256836
10000,0.0,homogeneous,raw,dr,lgbm,8,0.4360021304388473,0.3,0.1360021304388473,3.2837061882019043
10000,0.0,homogeneous,raw,dr,linear,8,0.4578547136213045,0.3,0.1578547136213045,0.17494702339172363
10000,0.0,homogeneous,concept,dr,lgbm,8,0.49057304191297235,0.3,0.19057304191297236,4.017052173614502
10000,0.0,homogeneous,concept,dr,linear,8,0.5031444956919463,0.3,0.20314449569194631,0.028170108795166016
10000,0.0,homogeneous,learned,dr,lgbm,8,0.6644409679131388,0.3,0.3644409679131388,3.7707600593566895
10000,0.0,homogeneous,learned,dr,linear,8,0.6991782690503431,0.3,0.3991782690503431,0.03609895706176758
10000,0.0,homogeneous,raw,dr,lgbm,9,0.4143725296848953,0.3,0.11437252968489531,3.2597808837890625
10000,0.0,homogeneous,raw,dr,linear,9,0.4346843048451124,0.3,0.1346843048451124,0.17743492126464844
10000,0.0,homogeneous,concept,dr,lgbm,9,0.46612781583510565,0.3,0.16612781583510566,4.031346797943115
10000,0.0,homogeneous,concept,dr,linear,9,0.4710138948550535,0.3,0.17101389485505353,0.0277402400970459
10000,0.0,homogeneous,learned,dr,lgbm,9,0.6545052029290687,0.3,0.3545052029290687,3.828206777572632
10000,0.0,homogeneous,learned,dr,linear,9,0.6964019193784782,0.3,0.3964019193784782,0.03596186637878418
500,0.3,homogeneous,raw,dr,lgbm,0,-0.5672648845046676,0.3,0.8672648845046675,1.8163259029388428
500,0.3,homogeneous,raw,dr,linear,0,-0.06164046951874884,0.3,0.36164046951874884,0.020943164825439453
500,0.3,homogeneous,concept,dr,lgbm,0,0.5197963795150984,0.3,0.2197963795150984,1.6767752170562744
500,0.3,homogeneous,concept,dr,linear,0,0.5068003002591042,0.3,0.20680030025910418,0.010198116302490234
500,0.3,homogeneous,learned,dr,lgbm,0,0.7972648333301134,0.3,0.49726483333011345,1.727592945098877
500,0.3,homogeneous,learned,dr,linear,0,0.7252701516188473,0.3,0.42527015161884735,0.014434814453125
500,0.3,homogeneous,raw,dr,lgbm,1,0.35786895245145306,0.3,0.05786895245145307,1.8470861911773682
500,0.3,homogeneous,raw,dr,linear,1,-0.15366855906887594,0.3,0.45366855906887593,0.021862030029296875
500,0.3,homogeneous,concept,dr,lgbm,1,0.4167683191181919,0.3,0.11676831911819191,1.7433428764343262
500,0.3,homogeneous,concept,dr,linear,1,0.44633483803034163,0.3,0.14633483803034164,0.010335206985473633
500,0.3,homogeneous,learned,dr,lgbm,1,0.7039292282157414,0.3,0.40392922821574145,1.7124230861663818
500,0.3,homogeneous,learned,dr,linear,1,0.7465993831201719,0.3,0.44659938312017194,0.011087894439697266
500,0.3,homogeneous,raw,dr,lgbm,2,-0.009794417289988668,0.3,0.30979441728998863,1.8442788124084473
500,0.3,homogeneous,raw,dr,linear,2,0.0923593677220374,0.3,0.2076406322779626,0.021346092224121094
500,0.3,homogeneous,concept,dr,lgbm,2,0.584444538779049,0.3,0.284444538779049,1.6435151100158691
500,0.3,homogeneous,concept,dr,linear,2,0.595232807114181,0.3,0.29523280711418104,0.009619951248168945
500,0.3,homogeneous,learned,dr,lgbm,2,0.8604537800264357,0.3,0.5604537800264358,1.7105598449707031
500,0.3,homogeneous,learned,dr,linear,2,0.8668579041334582,0.3,0.5668579041334583,0.010905265808105469
500,0.3,homogeneous,raw,dr,lgbm,3,0.8409871279459985,0.3,0.5409871279459986,1.8100128173828125
500,0.3,homogeneous,raw,dr,linear,3,1.4224722937388472,0.3,1.1224722937388472,0.021610021591186523
500,0.3,homogeneous,concept,dr,lgbm,3,0.5823912073618047,0.3,0.28239120736180473,1.748094081878662
500,0.3,homogeneous,concept,dr,linear,3,0.6039709723019516,0.3,0.30397097230195164,0.009501218795776367
500,0.3,homogeneous,learned,dr,lgbm,3,0.7231695418362535,0.3,0.4231695418362535,1.7840981483459473
500,0.3,homogeneous,learned,dr,linear,3,0.7627871502096178,0.3,0.46278715020961786,0.010530948638916016
500,0.3,homogeneous,raw,dr,lgbm,4,-0.3880466846200038,0.3,0.6880466846200037,1.848984956741333
500,0.3,homogeneous,raw,dr,linear,4,-0.7506514912307521,0.3,1.050651491230752,0.021631956100463867
500,0.3,homogeneous,concept,dr,lgbm,4,0.5557522591221081,0.3,0.25575225912210814,1.712090015411377
500,0.3,homogeneous,concept,dr,linear,4,0.54499998264844,0.3,0.24499998264843997,0.009763717651367188
500,0.3,homogeneous,learned,dr,lgbm,4,0.7242544979118047,0.3,0.42425449791180475,1.7645950317382812
500,0.3,homogeneous,learned,dr,linear,4,0.7138689578121695,0.3,0.41386895781216954,0.011048078536987305
500,0.3,homogeneous,raw,dr,lgbm,5,-0.8877017665754229,0.3,1.1877017665754228,1.858794927597046
500,0.3,homogeneous,raw,dr,linear,5,-0.13431390615477598,0.3,0.43431390615477594,0.021433115005493164
500,0.3,homogeneous,concept,dr,lgbm,5,0.5786430111601856,0.3,0.2786430111601856,1.7485859394073486
500,0.3,homogeneous,concept,dr,linear,5,0.5634780747482748,0.3,0.26347807474827484,0.013870716094970703
500,0.3,homogeneous,learned,dr,lgbm,5,0.6910342186912908,0.3,0.3910342186912908,1.7797539234161377
500,0.3,homogeneous,learned,dr,linear,5,0.6922896440273473,0.3,0.3922896440273473,0.011349916458129883
500,0.3,homogeneous,raw,dr,lgbm,6,-0.05346109042414324,0.3,0.3534610904241432,1.8679571151733398
500,0.3,homogeneous,raw,dr,linear,6,-0.13723937187949825,0.3,0.43723937187949824,0.021577119827270508
500,0.3,homogeneous,concept,dr,lgbm,6,0.5343182181622187,0.3,0.2343182181622187,1.764841079711914
500,0.3,homogeneous,concept,dr,linear,6,0.560702819419595,0.3,0.260702819419595,0.010013818740844727
500,0.3,homogeneous,learned,dr,lgbm,6,0.8033532545616722,0.3,0.5033532545616721,1.7133970260620117
500,0.3,homogeneous,learned,dr,linear,6,0.7867831696847734,0.3,0.48678316968477336,0.011296987533569336
500,0.3,homogeneous,raw,dr,lgbm,7,0.191882717541645,0.3,0.108117282458355,1.8419020175933838
500,0.3,homogeneous,raw,dr,linear,7,0.6622024266227546,0.3,0.36220242662275465,0.020338773727416992
500,0.3,homogeneous,concept,dr,lgbm,7,0.6711744383313357,0.3,0.37117443833133573,1.7584667205810547
500,0.3,homogeneous,concept,dr,linear,7,0.6167210609637407,0.3,0.3167210609637407,0.009668827056884766
500,0.3,homogeneous,learned,dr,lgbm,7,0.8207004562345999,0.3,0.5207004562345998,1.7469701766967773
500,0.3,homogeneous,learned,dr,linear,7,0.8342231150508628,0.3,0.5342231150508627,0.010459184646606445
500,0.3,homogeneous,raw,dr,lgbm,8,-0.5345785896199671,0.3,0.8345785896199671,1.8637840747833252
500,0.3,homogeneous,raw,dr,linear,8,-0.18839596121441454,0.3,0.48839596121441453,0.022035837173461914
500,0.3,homogeneous,concept,dr,lgbm,8,0.60127844524492,0.3,0.30127844524492003,1.7264630794525146
500,0.3,homogeneous,concept,dr,linear,8,0.6251558585640492,0.3,0.3251558585640492,0.00964808464050293
500,0.3,homogeneous,learned,dr,lgbm,8,0.8015940851507453,0.3,0.5015940851507452,1.7394890785217285
500,0.3,homogeneous,learned,dr,linear,8,0.8285632023455061,0.3,0.528563202345506,0.011253118515014648
500,0.3,homogeneous,raw,dr,lgbm,9,-0.9344794230238571,0.3,1.2344794230238572,1.7997069358825684
500,0.3,homogeneous,raw,dr,linear,9,-0.6638781658125391,0.3,0.963878165812539,0.021548032760620117
500,0.3,homogeneous,concept,dr,lgbm,9,0.5808542676476655,0.3,0.28085426764766547,1.7303991317749023
500,0.3,homogeneous,concept,dr,linear,9,0.5457238377039579,0.3,0.24572383770395795,0.010261058807373047
500,0.3,homogeneous,learned,dr,lgbm,9,0.8494803923453796,0.3,0.5494803923453797,1.7307851314544678
500,0.3,homogeneous,learned,dr,linear,9,0.8318866471280958,0.3,0.5318866471280959,0.010882854461669922
1000,0.3,homogeneous,raw,dr,lgbm,0,0.3302847116389587,0.3,0.030284711638958683,2.630505084991455
1000,0.3,homogeneous,raw,dr,linear,0,0.42700579091745716,0.3,0.12700579091745717,0.02803802490234375
1000,0.3,homogeneous,concept,dr,lgbm,0,0.528086522931359,0.3,0.22808652293135906,2.263496160507202
1000,0.3,homogeneous,concept,dr,linear,0,0.5198912861218308,0.3,0.2198912861218308,0.011152267456054688
1000,0.3,homogeneous,learned,dr,lgbm,0,0.6919323804444178,0.3,0.39193238044441786,2.1570799350738525
1000,0.3,homogeneous,learned,dr,linear,0,0.7106486898493314,0.3,0.4106486898493314,0.013772964477539062
1000,0.3,homogeneous,raw,dr,lgbm,1,-0.16344291542841385,0.3,0.46344291542841387,2.5643272399902344
1000,0.3,homogeneous,raw,dr,linear,1,0.369602506599215,0.3,0.06960250659921502,0.02765488624572754
1000,0.3,homogeneous,concept,dr,lgbm,1,0.6655939739518838,0.3,0.3655939739518838,2.1252660751342773
1000,0.3,homogeneous,concept,dr,linear,1,0.6249933573871441,0.3,0.32499335738714413,0.011258125305175781
1000,0.3,homogeneous,learned,dr,lgbm,1,0.7859102971180648,0.3,0.4859102971180648,2.0108070373535156
1000,0.3,homogeneous,learned,dr,linear,1,0.8144572970850898,0.3,0.5144572970850898,0.014350175857543945
1000,0.3,homogeneous,raw,dr,lgbm,2,0.3592978685753175,0.3,0.05929786857531749,2.5712850093841553
1000,0.3,homogeneous,raw,dr,linear,2,0.6839794778026773,0.3,0.3839794778026773,0.030344009399414062
1000,0.3,homogeneous,concept,dr,lgbm,2,0.4858712808758404,0.3,0.18587128087584043,2.0780630111694336
1000,0.3,homogeneous,concept,dr,linear,2,0.5112282170130096,0.3,0.2112282170130096,0.01063394546508789
1000,0.3,homogeneous,learned,dr,lgbm,2,0.7731559015408336,0.3,0.4731559015408336,2.1533608436584473
1000,0.3,homogeneous,learned,dr,linear,2,0.7889192020998177,0.3,0.4889192020998177,0.013177156448364258
1000,0.3,homogeneous,raw,dr,lgbm,3,0.1349983930209726,0.3,0.16500160697902738,2.5697128772735596
1000,0.3,homogeneous,raw,dr,linear,3,0.3129970694018672,0.3,0.012997069401867234,0.02763223648071289
1000,0.3,homogeneous,concept,dr,lgbm,3,0.5928681955707433,0.3,0.29286819557074334,2.239842176437378
1000,0.3,homogeneous,concept,dr,linear,3,0.5922629330465358,0.3,0.2922629330465358,0.011143922805786133
1000,0.3,homogeneous,learned,dr,lgbm,3,0.7491452392477689,0.3,0.4491452392477689,2.1193158626556396
1000,0.3,homogeneous,learned,dr,linear,3,0.7742666543673752,0.3,0.4742666543673752,0.013049840927124023
1000,0.3,homogeneous,raw,dr,lgbm,4,0.05902638520485648,0.3,0.2409736147951435,2.625900983810425
1000,0.3,homogeneous,raw,dr,linear,4,0.47530340808860005,0.3,0.17530340808860007,0.02713799476623535
1000,0.3,homogeneous,concept,dr,lgbm,4,0.5802200079482229,0.3,0.28022000794822294,2.2575926780700684
1000,0.3,homogeneous,concept,dr,linear,4,0.573070269815059,0.3,0.27307026981505905,0.014191865921020508
1000,0.3,homogeneous,learned,dr,lgbm,4,0.7410166625947995,0.3,0.4410166625947995,2.096453905105591
1000,0.3,homogeneous,learned,dr,linear,4,0.761138570445928,0.3,0.46113857044592804,0.012043237686157227
1000,0.3,homogeneous,raw,dr,lgbm,5,0.0037176172888026987,0.3,0.2962823827111973,2.6155710220336914
1000,0.3,homogeneous,raw,dr,linear,5,0.340139477647199,0.3,0.040139477647198996,0.027749061584472656
1000,0.3,homogeneous,concept,dr,lgbm,5,0.574335922042046,0.3,0.274335922042046,2.2946090698242188
1000,0.3,homogeneous,concept,dr,linear,5,0.5835001084422479,0.3,0.2835001084422479,0.013181209564208984
1000,0.3,homogeneous,learned,dr,lgbm,5,0.7349005816890739,0.3,0.4349005816890739,2.109807014465332
1000,0.3,homogeneous,learned,dr,linear,5,0.7581715834789409,0.3,0.4581715834789409,0.012208700180053711
1000,0.3,homogeneous,raw,dr,lgbm,6,0.4760884695098196,0.3,0.1760884695098196,2.565889835357666
1000,0.3,homogeneous,raw,dr,linear,6,0.5120233051152673,0.3,0.2120233051152673,0.028200864791870117
1000,0.3,homogeneous,concept,dr,lgbm,6,0.5757456021593431,0.3,0.27574560215934313,2.180567979812622
1000,0.3,homogeneous,concept,dr,linear,6,0.5761324861309889,0.3,0.2761324861309889,0.011350870132446289
1000,0.3,homogeneous,learned,dr,lgbm,6,0.7854945443873714,0.3,0.48549454438737144,2.2350709438323975
1000,0.3,homogeneous,learned,dr,linear,6,0.7847887049347294,0.3,0.4847887049347294,0.012800216674804688
1000,0.3,homogeneous,raw,dr,lgbm,7,-0.1233244039962274,0.3,0.4233244039962274,2.6495399475097656
1000,0.3,homogeneous,raw,dr,linear,7,0.17345331103540143,0.3,0.12654668896459856,0.027759075164794922
1000,0.3,homogeneous,concept,dr,lgbm,7,0.5743632162300153,0.3,0.2743632162300153,2.3183350563049316
1000,0.3,homogeneous,concept,dr,linear,7,0.5718700164611715,0.3,0.27187001646117154,0.011494159698486328
1000,0.3,homogeneous,learned,dr,lgbm,7,0.6930518591498592,0.3,0.39305185914985924,2.1762781143188477
1000,0.3,homogeneous,learned,dr,linear,7,0.7075532126373147,0.3,0.40755321263731475,0.01208806037902832
1000,0.3,homogeneous,raw,dr,lgbm,8,0.32338645505186087,0.3,0.023386455051860877,2.6275510787963867
1000,0.3,homogeneous,raw,dr,linear,8,0.6690177906582221,0.3,0.3690177906582221,0.028222322463989258
1000,0.3,homogeneous,concept,dr,lgbm,8,0.5474207833842859,0.3,0.24742078338428591,2.319730043411255
1000,0.3,homogeneous,concept,dr,linear,8,0.5351609601964646,0.3,0.23516096019646465,0.010954856872558594
1000,0.3,homogeneous,learned,dr,lgbm,8,0.6647252148031207,0.3,0.36472521480312076,2.1298317909240723
1000,0.3,homogeneous,learned,dr,linear,8,0.6811235245032184,0.3,0.38112352450321846,0.012665748596191406
1000,0.3,homogeneous,raw,dr,lgbm,9,-0.2782220304962683,0.3,0.5782220304962683,2.5886619091033936
1000,0.3,homogeneous,raw,dr,linear,9,0.0904750543159902,0.3,0.20952494568400978,0.029473066329956055
1000,0.3,homogeneous,concept,dr,lgbm,9,0.49088706538114485,0.3,0.19088706538114486,2.2731871604919434
1000,0.3,homogeneous,concept,dr,linear,9,0.503926646206282,0.3,0.20392664620628204,0.010766744613647461
1000,0.3,homogeneous,learned,dr,lgbm,9,0.6702115032306829,0.3,0.3702115032306829,2.1829111576080322
1000,0.3,homogeneous,learned,dr,linear,9,0.7017046657654077,0.3,0.4017046657654077,0.011941909790039062
2000,0.3,homogeneous,raw,dr,lgbm,0,0.3646967740696449,0.3,0.06469677406964491,2.6997010707855225
2000,0.3,homogeneous,raw,dr,linear,0,0.4539162283360503,0.3,0.1539162283360503,0.03993701934814453
2000,0.3,homogeneous,concept,dr,lgbm,0,0.516528533986945,0.3,0.216528533986945,2.8697309494018555
2000,0.3,homogeneous,concept,dr,linear,0,0.5358567593076038,0.3,0.2358567593076038,0.014547109603881836
2000,0.3,homogeneous,learned,dr,lgbm,0,0.6956413583487325,0.3,0.39564135834873254,2.6770901679992676
2000,0.3,homogeneous,learned,dr,linear,0,0.731566314219369,0.3,0.43156631421936903,0.015223979949951172
2000,0.3,homogeneous,raw,dr,lgbm,1,0.46310317140601265,0.3,0.16310317140601266,2.7440407276153564
2000,0.3,homogeneous,raw,dr,linear,1,0.5713648060978959,0.3,0.27136480609789587,0.039525747299194336
2000,0.3,homogeneous,concept,dr,lgbm,1,0.6408006132365165,0.3,0.3408006132365165,2.852813243865967
2000,0.3,homogeneous,concept,dr,linear,1,0.6247352007832052,0.3,0.3247352007832052,0.014035940170288086
2000,0.3,homogeneous,learned,dr,lgbm,1,0.7733802248112204,0.3,0.4733802248112204,2.6851630210876465
2000,0.3,homogeneous,learned,dr,linear,1,0.8137809220768254,0.3,0.5137809220768255,0.014245033264160156
2000,0.3,homogeneous,raw,dr,lgbm,2,0.4044033624194278,0.3,0.10440336241942783,2.6235101222991943
2000,0.3,homogeneous,raw,dr,linear,2,0.5117235424108694,0.3,0.21172354241086938,0.04400205612182617
2000,0.3,homogeneous,concept,dr,lgbm,2,0.49349623258581604,0.3,0.19349623258581605,2.8699469566345215
2000,0.3,homogeneous,concept,dr,linear,2,0.5177318370759134,0.3,0.21773183707591343,0.013688802719116211
2000,0.3,homogeneous,learned,dr,lgbm,2,0.6501668523304015,0.3,0.3501668523304015,2.712768077850342
2000,0.3,homogeneous,learned,dr,linear,2,0.7056226126994073,0.3,0.4056226126994073,0.01512908935546875
2000,0.3,homogeneous,raw,dr,lgbm,3,0.4030959045736974,0.3,0.10309590457369738,2.664109945297241
2000,0.3,homogeneous,raw,dr,linear,3,0.5462756389290443,0.3,0.2462756389290443,0.04181694984436035
2000,0.3,homogeneous,concept,dr,lgbm,3,0.5851464217397416,0.3,0.28514642173974164,2.890702962875366
2000,0.3,homogeneous,concept,dr,linear,3,0.5850025048041928,0.3,0.2850025048041928,0.013026237487792969
2000,0.3,homogeneous,learned,dr,lgbm,3,0.7543824875316953,0.3,0.45438248753169536,2.7581942081451416
2000,0.3,homogeneous,learned,dr,linear,3,0.7929224761946765,0.3,0.4929224761946765,0.015547037124633789
2000,0.3,homogeneous,raw,dr,lgbm,4,0.40712836407375486,0.3,0.10712836407375487,2.5921578407287598
2000,0.3,homogeneous,raw,dr,linear,4,0.4978584829540894,0.3,0.19785848295408942,0.0414431095123291
2000,0.3,homogeneous,concept,dr,lgbm,4,0.5601652893170921,0.3,0.2601652893170921,2.844528913497925
2000,0.3,homogeneous,concept,dr,linear,4,0.5617668376557352,0.3,0.2617668376557352,0.01631474494934082
2000,0.3,homogeneous,learned,dr,lgbm,4,0.7249453431245324,0.3,0.4249453431245324,2.834057092666626
2000,0.3,homogeneous,learned,dr,linear,4,0.7618922823220406,0.3,0.46189228232204066,0.018153905868530273
2000,0.3,homogeneous,raw,dr,lgbm,5,0.42290405483218235,0.3,0.12290405483218236,2.6949517726898193
2000,0.3,homogeneous,raw,dr,linear,5,0.5525429104889349,0.3,0.2525429104889349,0.04175090789794922
2000,0.3,homogeneous,concept,dr,lgbm,5,0.589822524167337,0.3,0.28982252416733706,2.8862578868865967
2000,0.3,homogeneous,concept,dr,linear,5,0.588091106069326,0.3,0.28809110606932603,0.013633012771606445
2000,0.3,homogeneous,learned,dr,lgbm,5,0.7773522483415863,0.3,0.47735224834158635,2.6610889434814453
2000,0.3,homogeneous,learned,dr,linear,5,0.8127903105529277,0.3,0.5127903105529277,0.015325784683227539
2000,0.3,homogeneous,raw,dr,lgbm,6,0.465363178256452,0.3,0.16536317825645203,2.6542861461639404
2000,0.3,homogeneous,raw,dr,linear,6,0.5219037678613891,0.3,0.22190376786138916,0.0408930778503418
2000,0.3,homogeneous,concept,dr,lgbm,6,0.5369804555493035,0.3,0.23698045554930353,2.957158088684082
2000,0.3,homogeneous,concept,dr,linear,6,0.5372264015568072,0.3,0.23722640155680724,0.01804804801940918
2000,0.3,homogeneous,learned,dr,lgbm,6,0.729528557246214,0.3,0.429528557246214,2.710587739944458
2000,0.3,homogeneous,learned,dr,linear,6,0.7661433151192132,0.3,0.4661433151192132,0.01827692985534668
2000,0.3,homogeneous,raw,dr,lgbm,7,0.39286934963391534,0.3,0.09286934963391535,2.640805721282959
2000,0.3,homogeneous,raw,dr,linear,7,0.514229869125775,0.3,0.21422986912577496,0.04107022285461426
2000,0.3,homogeneous,concept,dr,lgbm,7,0.5952916815116309,0.3,0.29529168151163093,2.890568971633911
2000,0.3,homogeneous,concept,dr,linear,7,0.5882563649412877,0.3,0.28825636494128776,0.01803278923034668
2000,0.3,homogeneous,learned,dr,lgbm,7,0.755337067851594,0.3,0.45533706785159406,2.744870901107788
2000,0.3,homogeneous,learned,dr,linear,7,0.7832003910836209,0.3,0.48320039108362095,0.014973878860473633
2000,0.3,homogeneous,raw,dr,lgbm,8,0.46198889626578626,0.3,0.16198889626578628,2.612778902053833
2000,0.3,homogeneous,raw,dr,linear,8,0.5439986541839371,0.3,0.24399865418393712,0.041475772857666016
2000,0.3,homogeneous,concept,dr,lgbm,8,0.566181649289209,0.3,0.266181649289209,2.9433321952819824
2000,0.3,homogeneous,concept,dr,linear,8,0.5725010171835485,0.3,0.2725010171835485,0.013435840606689453
2000,0.3,homogeneous,learned,dr,lgbm,8,0.7308236934969234,0.3,0.43082369349692345,2.7324459552764893
2000,0.3,homogeneous,learned,dr,linear,8,0.7667863858953019,0.3,0.4667863858953019,0.015542030334472656
2000,0.3,homogeneous,raw,dr,lgbm,9,0.40525617771093636,0.3,0.10525617771093637,2.8144471645355225
2000,0.3,homogeneous,raw,dr,linear,9,0.5199293027035918,0.3,0.21992930270359184,0.041780948638916016
2000,0.3,homogeneous,concept,dr,lgbm,9,0.48481058185751186,0.3,0.18481058185751187,3.0476901531219482
2000,0.3,homogeneous,concept,dr,linear,9,0.5066210336120804,0.3,0.20662103361208045,0.013502836227416992
2000,0.3,homogeneous,learned,dr,lgbm,9,0.6650549881762721,0.3,0.3650549881762721,2.724912166595459
2000,0.3,homogeneous,learned,dr,linear,9,0.7058279172460771,0.3,0.4058279172460771,0.015651702880859375
5000,0.3,homogeneous,raw,dr,lgbm,0,0.5071619573866405,0.3,0.2071619573866405,2.52183198928833
5000,0.3,homogeneous,raw,dr,linear,0,0.5299294073750261,0.3,0.22992940737502615,0.08765721321105957
5000,0.3,homogeneous,concept,dr,lgbm,0,0.5431780723971115,0.3,0.24317807239711148,3.5922980308532715
5000,0.3,homogeneous,concept,dr,linear,0,0.5527100067007322,0.3,0.25271000670073224,0.01976799964904785
5000,0.3,homogeneous,learned,dr,lgbm,0,0.7282580678509851,0.3,0.42825806785098514,3.3909261226654053
5000,0.3,homogeneous,learned,dr,linear,0,0.7634331529220172,0.3,0.4634331529220172,0.022558927536010742
5000,0.3,homogeneous,raw,dr,lgbm,1,0.4967401250502271,0.3,0.1967401250502271,2.5613489151000977
5000,0.3,homogeneous,raw,dr,linear,1,0.5172039296235805,0.3,0.21720392962358054,0.08721184730529785
5000,0.3,homogeneous,concept,dr,lgbm,1,0.586722993196725,0.3,0.28672299319672506,3.6043522357940674
5000,0.3,homogeneous,concept,dr,linear,1,0.5926789797932513,0.3,0.29267897979325136,0.01820230484008789
5000,0.3,homogeneous,learned,dr,lgbm,1,0.7675249873935486,0.3,0.4675249873935486,3.277980089187622
5000,0.3,homogeneous,learned,dr,linear,1,0.804367194892829,0.3,0.504367194892829,0.021225929260253906
5000,0.3,homogeneous,raw,dr,lgbm,2,0.47974517925121496,0.3,0.17974517925121497,2.493494987487793
5000,0.3,homogeneous,raw,dr,linear,2,0.5016224114332659,0.3,0.20162241143326592,0.08730411529541016
5000,0.3,homogeneous,concept,dr,lgbm,2,0.513276814829048,0.3,0.21327681482904798,3.6092820167541504
5000,0.3,homogeneous,concept,dr,linear,2,0.5253653605469687,0.3,0.2253653605469687,0.018464088439941406
5000,0.3,homogeneous,learned,dr,lgbm,2,0.6942973378838033,0.3,0.39429733788380333,3.67248797416687
5000,0.3,homogeneous,learned,dr,linear,2,0.7277096206482031,0.3,0.4277096206482031,0.022670984268188477
5000,0.3,homogeneous,raw,dr,lgbm,3,0.4944768635494714,0.3,0.1944768635494714,2.506714105606079
5000,0.3,homogeneous,raw,dr,linear,3,0.5162804398084964,0.3,0.21628043980849637,0.0926520824432373
5000,0.3,homogeneous,concept,dr,lgbm,3,0.5411737968274062,0.3,0.2411737968274062,3.5446200370788574
5000,0.3,homogeneous,concept,dr,linear,3,0.5483474367780419,0.3,0.24834743677804189,0.018394947052001953
5000,0.3,homogeneous,learned,dr,lgbm,3,0.7397721299865222,0.3,0.4397721299865222,3.553253173828125
5000,0.3,homogeneous,learned,dr,linear,3,0.777468993841665,0.3,0.477468993841665,0.021417856216430664
5000,0.3,homogeneous,raw,dr,lgbm,4,0.49473464897386454,0.3,0.19473464897386455,2.5308210849761963
5000,0.3,homogeneous,raw,dr,linear,4,0.5068744445812079,0.3,0.2068744445812079,0.08837389945983887
5000,0.3,homogeneous,concept,dr,lgbm,4,0.5235513769175524,0.3,0.2235513769175524,3.584779977798462
5000,0.3,homogeneous,concept,dr,linear,4,0.529625156943899,0.3,0.229625156943899,0.018173933029174805
5000,0.3,homogeneous,learned,dr,lgbm,4,0.6964625785469114,0.3,0.3964625785469114,3.4613990783691406
5000,0.3,homogeneous,learned,dr,linear,4,0.7251897644191493,0.3,0.4251897644191493,0.02274489402770996
5000,0.3,homogeneous,raw,dr,lgbm,5,0.5310720103464497,0.3,0.2310720103464497,2.5480520725250244
5000,0.3,homogeneous,raw,dr,linear,5,0.5557659381396374,0.3,0.2557659381396374,0.08601689338684082
5000,0.3,homogeneous,concept,dr,lgbm,5,0.5738417184146019,0.3,0.27384171841460186,3.596613883972168
5000,0.3,homogeneous,concept,dr,linear,5,0.5808844512135812,0.3,0.28088445121358124,0.018810033798217773
5000,0.3,homogeneous,learned,dr,lgbm,5,0.7745220929485039,0.3,0.47452209294850395,3.4451799392700195
5000,0.3,homogeneous,learned,dr,linear,5,0.8007055516298869,0.3,0.5007055516298868,0.022478103637695312
5000,0.3,homogeneous,raw,dr,lgbm,6,0.5428604250072502,0.3,0.2428604250072502,2.515120267868042
5000,0.3,homogeneous,raw,dr,linear,6,0.5547485974917457,0.3,0.25474859749174567,0.08998680114746094
5000,0.3,homogeneous,concept,dr,lgbm,6,0.574223696800504,0.3,0.274223696800504,3.611260175704956
5000,0.3,homogeneous,concept,dr,linear,6,0.5825206153925202,0.3,0.2825206153925202,0.018611907958984375
5000,0.3,homogeneous,learned,dr,lgbm,6,0.7595234204719732,0.3,0.4595234204719732,3.3856751918792725
5000,0.3,homogeneous,learned,dr,linear,6,0.7816065819590586,0.3,0.48160658195905864,0.023376941680908203
5000,0.3,homogeneous,raw,dr,lgbm,7,0.5140611071197477,0.3,0.21406110711974774,2.5556819438934326
5000,0.3,homogeneous,raw,dr,linear,7,0.5396308952536829,0.3,0.23963089525368292,0.08797621726989746
5000,0.3,homogeneous,concept,dr,lgbm,7,0.5628029796216132,0.3,0.2628029796216132,3.6444547176361084
5000,0.3,homogeneous,concept,dr,linear,7,0.5792661203954269,0.3,0.2792661203954269,0.019562959671020508
5000,0.3,homogeneous,learned,dr,lgbm,7,0.7501437147539677,0.3,0.4501437147539677,3.3458080291748047
5000,0.3,homogeneous,learned,dr,linear,7,0.7877097346814746,0.3,0.48770973468147466,0.022436141967773438
5000,0.3,homogeneous,raw,dr,lgbm,8,0.5157160753209413,0.3,0.21571607532094134,2.493250846862793
5000,0.3,homogeneous,raw,dr,linear,8,0.5376861678760352,0.3,0.2376861678760352,0.0882272720336914
5000,0.3,homogeneous,concept,dr,lgbm,8,0.5747697371901854,0.3,0.27476973719018544,3.578529119491577
5000,0.3,homogeneous,concept,dr,linear,8,0.585884906646766,0.3,0.28588490664676597,0.022455930709838867
5000,0.3,homogeneous,learned,dr,lgbm,8,0.7498169897691341,0.3,0.44981698976913415,3.398913860321045
5000,0.3,homogeneous,learned,dr,linear,8,0.777684206882535,0.3,0.47768420688253505,0.028717994689941406
5000,0.3,homogeneous,raw,dr,lgbm,9,0.4852890880193617,0.3,0.18528908801936173,2.5342419147491455
5000,0.3,homogeneous,raw,dr,linear,9,0.5075576026698405,0.3,0.20755760266984052,0.08843803405761719
5000,0.3,homogeneous,concept,dr,lgbm,9,0.5360465614037755,0.3,0.2360465614037755,3.5695033073425293
5000,0.3,homogeneous,concept,dr,linear,9,0.5433271632761404,0.3,0.2433271632761404,0.018463850021362305
5000,0.3,homogeneous,learned,dr,lgbm,9,0.7407323274599629,0.3,0.4407323274599629,3.2544193267822266
5000,0.3,homogeneous,learned,dr,linear,9,0.7708929683634359,0.3,0.4708929683634359,0.023019075393676758
10000,0.3,homogeneous,raw,dr,lgbm,0,0.5126613105294413,0.3,0.21266131052944132,3.2775418758392334
10000,0.3,homogeneous,raw,dr,linear,0,0.5292070492382681,0.3,0.22920704923826812,0.16554594039916992
10000,0.3,homogeneous,concept,dr,lgbm,0,0.5591229874288165,0.3,0.2591229874288165,3.982313871383667
10000,0.3,homogeneous,concept,dr,linear,0,0.5686050035224708,0.3,0.2686050035224708,0.028053998947143555
10000,0.3,homogeneous,learned,dr,lgbm,0,0.7328839248710288,0.3,0.43288392487102884,3.8498318195343018
10000,0.3,homogeneous,learned,dr,linear,0,0.7655154124888898,0.3,0.4655154124888898,0.036245107650756836
10000,0.3,homogeneous,raw,dr,lgbm,1,0.49794659675369846,0.3,0.19794659675369847,3.30423903465271
10000,0.3,homogeneous,raw,dr,linear,1,0.5234029107445518,0.3,0.22340291074455182,0.17600727081298828
10000,0.3,homogeneous,concept,dr,lgbm,1,0.5540985547199004,0.3,0.25409855471990045,4.211944103240967
10000,0.3,homogeneous,concept,dr,linear,1,0.5749471676750777,0.3,0.2749471676750777,0.02844381332397461
10000,0.3,homogeneous,learned,dr,lgbm,1,0.7496737523069104,0.3,0.44967375230691037,3.917823076248169
10000,0.3,homogeneous,learned,dr,linear,1,0.7787112120946558,0.3,0.4787112120946558,0.03493213653564453
10000,0.3,homogeneous,raw,dr,lgbm,2,0.49025242602334806,0.3,0.19025242602334808,3.2777600288391113
10000,0.3,homogeneous,raw,dr,linear,2,0.5078836056590699,0.3,0.20788360565906988,0.18062114715576172
10000,0.3,homogeneous,concept,dr,lgbm,2,0.5261062101683177,0.3,0.22610621016831772,3.9757797718048096
10000,0.3,homogeneous,concept,dr,linear,2,0.5374517202739815,0.3,0.23745172027398148,0.02712082862854004
10000,0.3,homogeneous,learned,dr,lgbm,2,0.6970560658041808,0.3,0.3970560658041808,3.780758857727051
10000,0.3,homogeneous,learned,dr,linear,2,0.7353106417028468,0.3,0.4353106417028468,0.03672313690185547
10000,0.3,homogeneous,raw,dr,lgbm,3,0.4972545676707506,0.3,0.1972545676707506,3.276467800140381
10000,0.3,homogeneous,raw,dr,linear,3,0.5205406838116425,0.3,0.22054068381164255,0.16883015632629395
10000,0.3,homogeneous,concept,dr,lgbm,3,0.5408537087529335,0.3,0.2408537087529335,4.028679847717285
10000,0.3,homogeneous,concept,dr,linear,3,0.5572734401590939,0.3,0.25727344015909387,0.0274660587310791
10000,0.3,homogeneous,learned,dr,lgbm,3,0.7223536271306459,0.3,0.4223536271306459,3.886629104614258
10000,0.3,homogeneous,learned,dr,linear,3,0.7658356187526753,0.3,0.46583561875267526,0.03391599655151367
10000,0.3,homogeneous,raw,dr,lgbm,4,0.4930387453921687,0.3,0.1930387453921687,3.26816987991333
10000,0.3,homogeneous,raw,dr,linear,4,0.5106736758433701,0.3,0.2106736758433701,0.16910982131958008
10000,0.3,homogeneous,concept,dr,lgbm,4,0.5236709928601838,0.3,0.22367099286018383,4.092300891876221
10000,0.3,homogeneous,concept,dr,linear,4,0.5445996307442387,0.3,0.24459963074423868,0.02742600440979004
10000,0.3,homogeneous,learned,dr,lgbm,4,0.7204258495017044,0.3,0.4204258495017044,3.914511203765869
10000,0.3,homogeneous,learned,dr,linear,4,0.7550789398221385,0.3,0.4550789398221385,0.03518795967102051
10000,0.3,homogeneous,raw,dr,lgbm,5,0.5110202192775479,0.3,0.21102021927754794,3.278609037399292
10000,0.3,homogeneous,raw,dr,linear,5,0.5347802210464366,0.3,0.23478022104643664,0.1710526943206787
10000,0.3,homogeneous,concept,dr,lgbm,5,0.552183042452733,0.3,0.252183042452733,4.004268169403076
10000,0.3,homogeneous,concept,dr,linear,5,0.5702302856338795,0.3,0.27023028563387946,0.0275571346282959
10000,0.3,homogeneous,learned,dr,lgbm,5,0.7425323402544447,0.3,0.4425323402544447,3.9140448570251465
10000,0.3,homogeneous,learned,dr,linear,5,0.7850470881727817,0.3,0.4850470881727817,0.03502511978149414
10000,0.3,homogeneous,raw,dr,lgbm,6,0.5267280920913718,0.3,0.22672809209137185,3.282147169113159
10000,0.3,homogeneous,raw,dr,linear,6,0.5479237891593729,0.3,0.2479237891593729,0.17038369178771973
10000,0.3,homogeneous,concept,dr,lgbm,6,0.5471392537645553,0.3,0.2471392537645553,4.068167209625244
10000,0.3,homogeneous,concept,dr,linear,6,0.5644517238482594,0.3,0.2644517238482594,0.02829289436340332
10000,0.3,homogeneous,learned,dr,lgbm,6,0.7411986119675416,0.3,0.44119861196754157,3.810256004333496
10000,0.3,homogeneous,learned,dr,linear,6,0.7772414477082212,0.3,0.47724144770822124,0.03542590141296387
10000,0.3,homogeneous,raw,dr,lgbm,7,0.5186692936992632,0.3,0.2186692936992632,3.292634963989258
10000,0.3,homogeneous,raw,dr,linear,7,0.5431874690530908,0.3,0.2431874690530908,0.17058372497558594
10000,0.3,homogeneous,concept,dr,lgbm,7,0.566011669591878,0.3,0.266011669591878,4.099673748016357
10000,0.3,homogeneous,concept,dr,linear,7,0.5812967342217458,0.3,0.2812967342217458,0.028367042541503906
10000,0.3,homogeneous,learned,dr,lgbm,7,0.7706420776978586,0.3,0.47064207769785865,3.9976418018341064
10000,0.3,homogeneous,learned,dr,linear,7,0.809462539419512,0.3,0.509462539419512,0.03640103340148926
10000,0.3,homogeneous,raw,dr,lgbm,8,0.5027795999191974,0.3,0.20277959991919742,3.292330026626587
10000,0.3,homogeneous,raw,dr,linear,8,0.5246610039899888,0.3,0.22466100398998884,0.16941308975219727
10000,0.3,homogeneous,concept,dr,lgbm,8,0.5563202354023816,0.3,0.25632023540238164,3.9737472534179688
10000,0.3,homogeneous,concept,dr,linear,8,0.5705832427678059,0.3,0.27058324276780593,0.02790212631225586
10000,0.3,homogeneous,learned,dr,lgbm,8,0.7264344155951471,0.3,0.4264344155951471,3.768965244293213
10000,0.3,homogeneous,learned,dr,linear,8,0.7633811266822136,0.3,0.4633811266822136,0.03905010223388672
10000,0.3,homogeneous,raw,dr,lgbm,9,0.4801581482161663,0.3,0.18015814821616633,3.253021717071533
10000,0.3,homogeneous,raw,dr,linear,9,0.5014944773532353,0.3,0.20149447735323528,0.16782689094543457
10000,0.3,homogeneous,concept,dr,lgbm,9,0.5345225341477404,0.3,0.23452253414774044,4.054833889007568
10000,0.3,homogeneous,concept,dr,linear,9,0.5372461671924316,0.3,0.23724616719243158,0.028025150299072266
10000,0.3,homogeneous,learned,dr,lgbm,9,0.716849466850103,0.3,0.416849466850103,3.876789093017578
10000,0.3,homogeneous,learned,dr,linear,9,0.7583320479338223,0.3,0.45833204793382226,0.0376739501953125
500,0.6,homogeneous,raw,dr,lgbm,0,-0.5472581634103483,0.3,0.8472581634103482,1.8781499862670898
500,0.6,homogeneous,raw,dr,linear,0,0.1477463520536069,0.3,0.1522536479463931,0.02074122428894043
500,0.6,homogeneous,concept,dr,lgbm,0,0.6010902858869575,0.3,0.30109028588695746,1.6577138900756836
500,0.6,homogeneous,concept,dr,linear,0,0.5730132764474476,0.3,0.2730132764474476,0.009603023529052734
500,0.6,homogeneous,learned,dr,lgbm,0,0.826515860718195,0.3,0.526515860718195,1.7298970222473145
500,0.6,homogeneous,learned,dr,linear,0,0.7817165807708945,0.3,0.48171658077089446,0.010437965393066406
500,0.6,homogeneous,raw,dr,lgbm,1,0.3382833787393046,0.3,0.0382833787393046,1.851529836654663
500,0.6,homogeneous,raw,dr,linear,1,0.09530913399046044,0.3,0.20469086600953956,0.022050142288208008
500,0.6,homogeneous,concept,dr,lgbm,1,0.4674320692872964,0.3,0.16743206928729643,1.7237892150878906
500,0.6,homogeneous,concept,dr,linear,1,0.49770986561375524,0.3,0.19770986561375525,0.010367870330810547
500,0.6,homogeneous,learned,dr,lgbm,1,0.7608935619418583,0.3,0.4608935619418583,1.7286062240600586
500,0.6,homogeneous,learned,dr,linear,1,0.8188509258298856,0.3,0.5188509258298857,0.011693954467773438
500,0.6,homogeneous,raw,dr,lgbm,2,-0.21846175889277228,0.3,0.5184617588927722,1.8321797847747803
500,0.6,homogeneous,raw,dr,linear,2,-0.20452331195063875,0.3,0.5045233119506387,0.021248817443847656
500,0.6,homogeneous,concept,dr,lgbm,2,0.6897679679645476,0.3,0.38976796796454766,1.6662650108337402
500,0.6,homogeneous,concept,dr,linear,2,0.7059754719554661,0.3,0.40597547195546607,0.00927591323852539
500,0.6,homogeneous,learned,dr,lgbm,2,0.9868712589308418,0.3,0.6868712589308419,1.7406129837036133
500,0.6,homogeneous,learned,dr,linear,2,0.9682203272144161,0.3,0.668220327214416,0.01055288314819336
500,0.6,homogeneous,raw,dr,lgbm,3,0.8476091244617386,0.3,0.5476091244617387,1.787611961364746
500,0.6,homogeneous,raw,dr,linear,3,1.658430838025348,0.3,1.358430838025348,0.027830123901367188
500,0.6,homogeneous,concept,dr,lgbm,3,0.653599967507988,0.3,0.353599967507988,1.7607181072235107
500,0.6,homogeneous,concept,dr,linear,3,0.6737817424521848,0.3,0.3737817424521848,0.009542226791381836
500,0.6,homogeneous,learned,dr,lgbm,3,0.7936891202259324,0.3,0.4936891202259324,1.7837579250335693
500,0.6,homogeneous,learned,dr,linear,3,0.8446443972986952,0.3,0.5446443972986952,0.01041412353515625
500,0.6,homogeneous,raw,dr,lgbm,4,-0.38844150796999904,0.3,0.688441507969999,1.878072738647461
500,0.6,homogeneous,raw,dr,linear,4,-0.8591617169468543,0.3,1.1591617169468542,0.02151775360107422
500,0.6,homogeneous,concept,dr,lgbm,4,0.6332656007556137,0.3,0.3332656007556137,1.731553077697754
500,0.6,homogeneous,concept,dr,linear,4,0.6196135590109791,0.3,0.31961355901097915,0.010267972946166992
500,0.6,homogeneous,learned,dr,lgbm,4,0.7966780277854829,0.3,0.4966780277854829,1.7467541694641113
500,0.6,homogeneous,learned,dr,linear,4,0.7798709844937555,0.3,0.4798709844937555,0.011079788208007812
500,0.6,homogeneous,raw,dr,lgbm,5,-0.6183241898470941,0.3,0.9183241898470942,1.8284461498260498
500,0.6,homogeneous,raw,dr,linear,5,0.11169541118936378,0.3,0.18830458881063622,0.020907163619995117
500,0.6,homogeneous,concept,dr,lgbm,5,0.6541733003742842,0.3,0.35417330037428424,1.7433648109436035
500,0.6,homogeneous,concept,dr,linear,5,0.6365243293899354,0.3,0.33652432938993543,0.009807109832763672
500,0.6,homogeneous,learned,dr,lgbm,5,0.7271705448023412,0.3,0.42717054480234123,1.7745449542999268
500,0.6,homogeneous,learned,dr,linear,5,0.7592791576055636,0.3,0.45927915760556365,0.010905027389526367
500,0.6,homogeneous,raw,dr,lgbm,6,-0.029430257245575676,0.3,0.3294302572455757,1.9237797260284424
500,0.6,homogeneous,raw,dr,linear,6,-0.3025668063339424,0.3,0.6025668063339424,0.02159595489501953
500,0.6,homogeneous,concept,dr,lgbm,6,0.5436660713962306,0.3,0.2436660713962306,1.7857317924499512
500,0.6,homogeneous,concept,dr,linear,6,0.5829707214696106,0.3,0.2829707214696106,0.010185956954956055
500,0.6,homogeneous,learned,dr,lgbm,6,0.8095448373708501,0.3,0.5095448373708502,1.7358531951904297
500,0.6,homogeneous,learned,dr,linear,6,0.7957036095534515,0.3,0.49570360955345155,0.011184930801391602
500,0.6,homogeneous,raw,dr,lgbm,7,0.3320669028537748,0.3,0.03206690285377484,1.8058600425720215
500,0.6,homogeneous,raw,dr,linear,7,0.9272255613992025,0.3,0.6272255613992026,0.02117300033569336
500,0.6,homogeneous,concept,dr,lgbm,7,0.7261897504796471,0.3,0.4261897504796471,1.7606217861175537
500,0.6,homogeneous,concept,dr,linear,7,0.6814397248266937,0.3,0.3814397248266937,0.010524272918701172
500,0.6,homogeneous,learned,dr,lgbm,7,0.8821462134248373,0.3,0.5821462134248374,1.7430992126464844
500,0.6,homogeneous,learned,dr,linear,7,0.8941492100175716,0.3,0.5941492100175716,0.01834893226623535
500,0.6,homogeneous,raw,dr,lgbm,8,-0.3121424035306054,0.3,0.6121424035306053,1.818694829940796
500,0.6,homogeneous,raw,dr,linear,8,-0.34400269856444926,0.3,0.6440026985644492,0.0205841064453125
500,0.6,homogeneous,concept,dr,lgbm,8,0.6746246983669422,0.3,0.3746246983669422,1.6940629482269287
500,0.6,homogeneous,concept,dr,linear,8,0.6810421118554331,0.3,0.3810421118554331,0.010075807571411133
500,0.6,homogeneous,learned,dr,lgbm,8,0.8750164009784918,0.3,0.5750164009784917,1.782222032546997
500,0.6,homogeneous,learned,dr,linear,8,0.892294452785384,0.3,0.592294452785384,0.011104822158813477
500,0.6,homogeneous,raw,dr,lgbm,9,-0.74225378964278,0.3,1.04225378964278,1.775853157043457
500,0.6,homogeneous,raw,dr,linear,9,-0.5934783601521426,0.3,0.8934783601521425,0.02147197723388672
500,0.6,homogeneous,concept,dr,lgbm,9,0.7034897244163645,0.3,0.4034897244163645,1.7082910537719727
500,0.6,homogeneous,concept,dr,linear,9,0.6389698012774528,0.3,0.33896980127745285,0.009480953216552734
500,0.6,homogeneous,learned,dr,lgbm,9,0.8908101374823898,0.3,0.5908101374823898,1.7344419956207275
500,0.6,homogeneous,learned,dr,linear,9,0.8893529862456121,0.3,0.5893529862456122,0.010970115661621094
1000,0.6,homogeneous,raw,dr,lgbm,0,0.5464503623837014,0.3,0.24645036238370138,2.6145081520080566
1000,0.6,homogeneous,raw,dr,linear,0,0.47275261958432524,0.3,0.17275261958432525,0.027424097061157227
1000,0.6,homogeneous,concept,dr,lgbm,0,0.5502531300071487,0.3,0.2502531300071487,2.2625670433044434
1000,0.6,homogeneous,concept,dr,linear,0,0.562609707047719,0.3,0.26260970704771897,0.011468887329101562
1000,0.6,homogeneous,learned,dr,lgbm,0,0.7290007622199973,0.3,0.42900076221999733,2.124037027359009
1000,0.6,homogeneous,learned,dr,linear,0,0.7436555649190046,0.3,0.44365556491900465,0.012424945831298828
1000,0.6,homogeneous,raw,dr,lgbm,1,-0.008754605946250113,0.3,0.3087546059462501,2.5443427562713623
1000,0.6,homogeneous,raw,dr,linear,1,0.5702737764977442,0.3,0.27027377649774426,0.028634071350097656
1000,0.6,homogeneous,concept,dr,lgbm,1,0.7788716107599262,0.3,0.4788716107599262,2.0785558223724365
1000,0.6,homogeneous,concept,dr,linear,1,0.7213680052979046,0.3,0.4213680052979046,0.011139869689941406
1000,0.6,homogeneous,learned,dr,lgbm,1,0.8697317986272728,0.3,0.5697317986272727,2.0232419967651367
1000,0.6,homogeneous,learned,dr,linear,1,0.9078365079963703,0.3,0.6078365079963703,0.012101173400878906
1000,0.6,homogeneous,raw,dr,lgbm,2,0.5145531397401868,0.3,0.2145531397401868,2.5506632328033447
1000,0.6,homogeneous,raw,dr,linear,2,0.8508091957193833,0.3,0.5508091957193832,0.028895854949951172
1000,0.6,homogeneous,concept,dr,lgbm,2,0.5495038965570117,0.3,0.24950389655701172,2.0773980617523193
1000,0.6,homogeneous,concept,dr,linear,2,0.5744036141260646,0.3,0.27440361412606457,0.011533737182617188
1000,0.6,homogeneous,learned,dr,lgbm,2,0.8663957323095235,0.3,0.5663957323095234,2.1681649684906006
1000,0.6,homogeneous,learned,dr,linear,2,0.8573839844707571,0.3,0.5573839844707571,0.012279033660888672
1000,0.6,homogeneous,raw,dr,lgbm,3,0.311040820531543,0.3,0.011040820531543039,2.5905649662017822
1000,0.6,homogeneous,raw,dr,linear,3,0.41220020252485945,0.3,0.11220020252485946,0.036778926849365234
1000,0.6,homogeneous,concept,dr,lgbm,3,0.6644312234262822,0.3,0.36443122342628226,2.2834689617156982
1000,0.6,homogeneous,concept,dr,linear,3,0.6626733695203969,0.3,0.3626733695203969,0.012541055679321289
1000,0.6,homogeneous,learned,dr,lgbm,3,0.8267597874377987,0.3,0.5267597874377987,2.0808160305023193
1000,0.6,homogeneous,learned,dr,linear,3,0.8500216584755816,0.3,0.5500216584755817,0.01238107681274414
1000,0.6,homogeneous,raw,dr,lgbm,4,0.32125196387333954,0.3,0.021251963873339552,2.549031972885132
1000,0.6,homogeneous,raw,dr,linear,4,0.6448526570984819,0.3,0.34485265709848195,0.026160001754760742
1000,0.6,homogeneous,concept,dr,lgbm,4,0.6565024979216134,0.3,0.3565024979216134,2.121419906616211
1000,0.6,homogeneous,concept,dr,linear,4,0.657428895174888,0.3,0.357428895174888,0.011388063430786133
1000,0.6,homogeneous,learned,dr,lgbm,4,0.8082762061915115,0.3,0.5082762061915116,1.9252910614013672
1000,0.6,homogeneous,learned,dr,linear,4,0.8406613068409652,0.3,0.5406613068409651,0.012259960174560547
1000,0.6,homogeneous,raw,dr,lgbm,5,-0.060599057737008084,0.3,0.36059905773700807,2.5098960399627686
1000,0.6,homogeneous,raw,dr,linear,5,0.25480207144949885,0.3,0.04519792855050114,0.02757716178894043
1000,0.6,homogeneous,concept,dr,lgbm,5,0.6560825128382387,0.3,0.3560825128382387,2.088163137435913
1000,0.6,homogeneous,concept,dr,linear,5,0.6496756206633739,0.3,0.34967562066337393,0.010300159454345703
1000,0.6,homogeneous,learned,dr,lgbm,5,0.7847065848857745,0.3,0.4847065848857745,2.0675671100616455
1000,0.6,homogeneous,learned,dr,linear,5,0.8277757553444691,0.3,0.5277757553444691,0.011613845825195312
1000,0.6,homogeneous,raw,dr,lgbm,6,0.4981164131738133,0.3,0.1981164131738133,2.472357749938965
1000,0.6,homogeneous,raw,dr,linear,6,0.6612619652584392,0.3,0.3612619652584392,0.026788949966430664
1000,0.6,homogeneous,concept,dr,lgbm,6,0.636862416847209,0.3,0.336862416847209,1.9983139038085938
1000,0.6,homogeneous,concept,dr,linear,6,0.6498597677053047,0.3,0.34985976770530475,0.010823249816894531
1000,0.6,homogeneous,learned,dr,lgbm,6,0.8556004806993698,0.3,0.5556004806993697,2.1483681201934814
1000,0.6,homogeneous,learned,dr,linear,6,0.8585990483395539,0.3,0.558599048339554,0.015639066696166992
1000,0.6,homogeneous,raw,dr,lgbm,7,-0.10334050725962912,0.3,0.4033405072596291,2.334723949432373
1000,0.6,homogeneous,raw,dr,linear,7,0.19241518428111545,0.3,0.10758481571888454,0.0271909236907959
1000,0.6,homogeneous,concept,dr,lgbm,7,0.5941808833018127,0.3,0.29418088330181275,2.1278109550476074
1000,0.6,homogeneous,concept,dr,linear,7,0.6118142999321003,0.3,0.31181429993210036,0.010263204574584961
1000,0.6,homogeneous,learned,dr,lgbm,7,0.7579868249344621,0.3,0.45798682493446213,2.0516629219055176
1000,0.6,homogeneous,learned,dr,linear,7,0.7503139728317645,0.3,0.4503139728317645,0.011219024658203125
1000,0.6,homogeneous,raw,dr,lgbm,8,0.6062364726531339,0.3,0.30623647265313386,2.413801908493042
1000,0.6,homogeneous,raw,dr,linear,8,0.8589233158616821,0.3,0.5589233158616822,0.026035070419311523
1000,0.6,homogeneous,concept,dr,lgbm,8,0.615651283685291,0.3,0.315651283685291,2.157493829727173
1000,0.6,homogeneous,concept,dr,linear,8,0.60821015620999,0.3,0.30821015620999,0.01048588752746582
1000,0.6,homogeneous,learned,dr,lgbm,8,0.742641263117647,0.3,0.442641263117647,1.9718520641326904
1000,0.6,homogeneous,learned,dr,linear,8,0.7529429397771241,0.3,0.45294293977712413,0.011478900909423828
1000,0.6,homogeneous,raw,dr,lgbm,9,-0.1876623052068524,0.3,0.4876623052068524,2.389660120010376
1000,0.6,homogeneous,raw,dr,linear,9,0.12339295390143967,0.3,0.17660704609856032,0.025711774826049805
1000,0.6,homogeneous,concept,dr,lgbm,9,0.5244334832457573,0.3,0.22443348324575735,2.096061944961548
1000,0.6,homogeneous,concept,dr,linear,9,0.5532250215184229,0.3,0.2532250215184229,0.010895013809204102
1000,0.6,homogeneous,learned,dr,lgbm,9,0.7218023151291995,0.3,0.42180231512919947,1.9998819828033447
1000,0.6,homogeneous,learned,dr,linear,9,0.7485414060533775,0.3,0.4485414060533775,0.011789083480834961
2000,0.6,homogeneous,raw,dr,lgbm,0,0.4153071028328977,0.3,0.11530710283289769,2.468538999557495
2000,0.6,homogeneous,raw,dr,linear,0,0.5071905560839108,0.3,0.20719055608391085,0.0383601188659668
2000,0.6,homogeneous,concept,dr,lgbm,0,0.584492643059981,0.3,0.28449264305998107,2.546297073364258
2000,0.6,homogeneous,concept,dr,linear,0,0.5951603810103037,0.3,0.2951603810103037,0.012092113494873047
2000,0.6,homogeneous,learned,dr,lgbm,0,0.7528153427139634,0.3,0.45281534271396345,2.4663548469543457
2000,0.6,homogeneous,learned,dr,linear,0,0.7809422067697119,0.3,0.48094220676971194,0.013724327087402344
2000,0.6,homogeneous,raw,dr,lgbm,1,0.5391761947334307,0.3,0.2391761947334307,2.570683240890503
2000,0.6,homogeneous,raw,dr,linear,1,0.640123683329415,0.3,0.34012368332941506,0.03785300254821777
2000,0.6,homogeneous,concept,dr,lgbm,1,0.7420397147374105,0.3,0.4420397147374105,2.6965749263763428
2000,0.6,homogeneous,concept,dr,linear,1,0.7210757581069285,0.3,0.4210757581069285,0.012906074523925781
2000,0.6,homogeneous,learned,dr,lgbm,1,0.8751121588946768,0.3,0.5751121588946768,2.5644891262054443
2000,0.6,homogeneous,learned,dr,linear,1,0.9047741556396885,0.3,0.6047741556396886,0.0136260986328125
2000,0.6,homogeneous,raw,dr,lgbm,2,0.49305074768025325,0.3,0.19305074768025327,2.441862106323242
2000,0.6,homogeneous,raw,dr,linear,2,0.6061677514434654,0.3,0.30616775144346536,0.03970789909362793
2000,0.6,homogeneous,concept,dr,lgbm,2,0.5663636603320309,0.3,0.2663636603320309,2.530673027038574
2000,0.6,homogeneous,concept,dr,linear,2,0.5945773507524613,0.3,0.29457735075246133,0.012756824493408203
2000,0.6,homogeneous,learned,dr,lgbm,2,0.7322834314270779,0.3,0.43228343142707787,2.4621477127075195
2000,0.6,homogeneous,learned,dr,linear,2,0.7838685633165123,0.3,0.48386856331651235,0.014523983001708984
2000,0.6,homogeneous,raw,dr,lgbm,3,0.48749295777538415,0.3,0.18749295777538416,2.588042974472046
2000,0.6,homogeneous,raw,dr,linear,3,0.6354818298011206,0.3,0.33548182980112057,0.03798866271972656
2000,0.6,homogeneous,concept,dr,lgbm,3,0.6452033853431652,0.3,0.34520338534316525,2.5526461601257324
2000,0.6,homogeneous,concept,dr,linear,3,0.6462157492305339,0.3,0.34621574923053394,0.012462854385375977
2000,0.6,homogeneous,learned,dr,lgbm,3,0.8127907665724335,0.3,0.5127907665724336,2.502246856689453
2000,0.6,homogeneous,learned,dr,linear,3,0.8537265564018864,0.3,0.5537265564018865,0.01378631591796875
2000,0.6,homogeneous,raw,dr,lgbm,4,0.47416731160648623,0.3,0.17416731160648624,2.5186891555786133
2000,0.6,homogeneous,raw,dr,linear,4,0.5602010631616846,0.3,0.2602010631616846,0.037835121154785156
2000,0.6,homogeneous,concept,dr,lgbm,4,0.6423226277104912,0.3,0.3423226277104912,2.6277079582214355
2000,0.6,homogeneous,concept,dr,linear,4,0.640091497551523,0.3,0.34009149755152296,0.01207876205444336
2000,0.6,homogeneous,learned,dr,lgbm,4,0.8058144887575707,0.3,0.5058144887575706,2.608107805252075
2000,0.6,homogeneous,learned,dr,linear,4,0.8373025574646579,0.3,0.5373025574646579,0.013642072677612305
2000,0.6,homogeneous,raw,dr,lgbm,5,0.4915548591794576,0.3,0.19155485917945764,2.5074408054351807
2000,0.6,homogeneous,raw,dr,linear,5,0.63492657548759,0.3,0.33492657548759003,0.03754711151123047
2000,0.6,homogeneous,concept,dr,lgbm,5,0.6670063511854356,0.3,0.3670063511854356,2.5960049629211426
2000,0.6,homogeneous,concept,dr,linear,5,0.6671510972524003,0.3,0.3671510972524003,0.01285099983215332
2000,0.6,homogeneous,learned,dr,lgbm,5,0.8574211606066926,0.3,0.5574211606066926,2.4334678649902344
2000,0.6,homogeneous,learned,dr,linear,5,0.8971191713429593,0.3,0.5971191713429593,0.014268875122070312
2000,0.6,homogeneous,raw,dr,lgbm,6,0.5442462302306359,0.3,0.2442462302306359,2.485598087310791
2000,0.6,homogeneous,raw,dr,linear,6,0.5835823930665356,0.3,0.2835823930665356,0.0377810001373291
2000,0.6,homogeneous,concept,dr,lgbm,6,0.6058439458000592,0.3,0.3058439458000592,2.626246929168701
2000,0.6,homogeneous,concept,dr,linear,6,0.6006644854499353,0.3,0.30066448544993535,0.012137889862060547
2000,0.6,homogeneous,learned,dr,lgbm,6,0.8039788362174367,0.3,0.5039788362174367,2.4266719818115234
2000,0.6,homogeneous,learned,dr,linear,6,0.8248720526349493,0.3,0.5248720526349493,0.01372385025024414
2000,0.6,homogeneous,raw,dr,lgbm,7,0.44953497498417455,0.3,0.14953497498417456,2.4476239681243896
2000,0.6,homogeneous,raw,dr,linear,7,0.5508010323673188,0.3,0.2508010323673188,0.03789806365966797
2000,0.6,homogeneous,concept,dr,lgbm,7,0.650520914279098,0.3,0.350520914279098,2.6613261699676514
2000,0.6,homogeneous,concept,dr,linear,7,0.6504877222152999,0.3,0.35048772221529995,0.011996030807495117
2000,0.6,homogeneous,learned,dr,lgbm,7,0.8153947391888737,0.3,0.5153947391888738,2.491831064224243
2000,0.6,homogeneous,learned,dr,linear,7,0.8462124524081218,0.3,0.5462124524081218,0.014199972152709961
2000,0.6,homogeneous,raw,dr,lgbm,8,0.5675272949628248,0.3,0.26752729496282485,2.520920991897583
2000,0.6,homogeneous,raw,dr,linear,8,0.6350739224112298,0.3,0.33507392241122985,0.038491010665893555
2000,0.6,homogeneous,concept,dr,lgbm,8,0.6460063650860086,0.3,0.3460063650860086,2.729330062866211
2000,0.6,homogeneous,concept,dr,linear,8,0.6551143658700853,0.3,0.3551143658700853,0.012470006942749023
2000,0.6,homogeneous,learned,dr,lgbm,8,0.8277457276355703,0.3,0.5277457276355704,2.428752899169922
2000,0.6,homogeneous,learned,dr,linear,8,0.8506331080436882,0.3,0.5506331080436881,0.014217138290405273
2000,0.6,homogeneous,raw,dr,lgbm,9,0.4794772430552312,0.3,0.17947724305523122,2.5546159744262695
2000,0.6,homogeneous,raw,dr,linear,9,0.581247528123801,0.3,0.281247528123801,0.03766489028930664
2000,0.6,homogeneous,concept,dr,lgbm,9,0.5497399349926047,0.3,0.24973993499260466,2.4944698810577393
2000,0.6,homogeneous,concept,dr,linear,9,0.5633108039769176,0.3,0.2633108039769176,0.012229204177856445
2000,0.6,homogeneous,learned,dr,lgbm,9,0.7210287281147898,0.3,0.4210287281147898,2.5371861457824707
2000,0.6,homogeneous,learned,dr,linear,9,0.7582560300003262,0.3,0.45825603000032616,0.013889789581298828
5000,0.6,homogeneous,raw,dr,lgbm,0,0.5778618374660311,0.3,0.27786183746603116,2.374255657196045
5000,0.6,homogeneous,raw,dr,linear,0,0.5963747680499052,0.3,0.2963747680499052,0.08556294441223145
5000,0.6,homogeneous,concept,dr,lgbm,0,0.6135013254003814,0.3,0.3135013254003814,3.396986246109009
5000,0.6,homogeneous,concept,dr,linear,0,0.6184846273633827,0.3,0.31848462736338273,0.019292116165161133
5000,0.6,homogeneous,learned,dr,lgbm,0,0.7912624288818465,0.3,0.4912624288818465,3.071774959564209
5000,0.6,homogeneous,learned,dr,linear,0,0.8266018006960298,0.3,0.5266018006960298,0.02071237564086914
5000,0.6,homogeneous,raw,dr,lgbm,1,0.5713271524728495,0.3,0.2713271524728495,2.3751611709594727
5000,0.6,homogeneous,raw,dr,linear,1,0.591951801360286,0.3,0.29195180136028603,0.0848844051361084
5000,0.6,homogeneous,concept,dr,lgbm,1,0.6731268426509267,0.3,0.3731268426509267,3.130958080291748
5000,0.6,homogeneous,concept,dr,linear,1,0.6766666235343203,0.3,0.3766666235343203,0.018435001373291016
5000,0.6,homogeneous,learned,dr,lgbm,1,0.846541492661492,0.3,0.546541492661492,2.9614410400390625
5000,0.6,homogeneous,learned,dr,linear,1,0.8799559818804107,0.3,0.5799559818804108,0.02265310287475586
5000,0.6,homogeneous,raw,dr,lgbm,2,0.5448386724245459,0.3,0.24483867242454588,2.2711048126220703
5000,0.6,homogeneous,raw,dr,linear,2,0.5644958076060563,0.3,0.26449580760605634,0.0844118595123291
5000,0.6,homogeneous,concept,dr,lgbm,2,0.5820904240026548,0.3,0.28209042400265477,3.317497968673706
5000,0.6,homogeneous,concept,dr,linear,2,0.5903547777357586,0.3,0.29035477773575863,0.017562150955200195
5000,0.6,homogeneous,learned,dr,lgbm,2,0.7688915588881305,0.3,0.46889155888813056,3.0468151569366455
5000,0.6,homogeneous,learned,dr,linear,2,0.7921861541552175,0.3,0.49218615415521755,0.021207094192504883
5000,0.6,homogeneous,raw,dr,lgbm,3,0.5575520460384961,0.3,0.2575520460384961,2.306173801422119
5000,0.6,homogeneous,raw,dr,linear,3,0.5780305634176338,0.3,0.2780305634176338,0.08582186698913574
5000,0.6,homogeneous,concept,dr,lgbm,3,0.6123085245078704,0.3,0.31230852450787044,3.228935956954956
5000,0.6,homogeneous,concept,dr,linear,3,0.6110419984396223,0.3,0.31104199843962227,0.017371177673339844
5000,0.6,homogeneous,learned,dr,lgbm,3,0.7871217930830644,0.3,0.4871217930830644,3.0644590854644775
5000,0.6,homogeneous,learned,dr,linear,3,0.8344395565676638,0.3,0.5344395565676638,0.02099299430847168
5000,0.6,homogeneous,raw,dr,lgbm,4,0.5525395949169175,0.3,0.2525395949169175,2.29195499420166
5000,0.6,homogeneous,raw,dr,linear,4,0.5636790110353708,0.3,0.2636790110353708,0.08224892616271973
5000,0.6,homogeneous,concept,dr,lgbm,4,0.5928313000546513,0.3,0.29283130005465136,3.2632720470428467
5000,0.6,homogeneous,concept,dr,linear,4,0.5893519731213922,0.3,0.2893519731213922,0.01732611656188965
5000,0.6,homogeneous,learned,dr,lgbm,4,0.7485206738842877,0.3,0.4485206738842877,3.078900098800659
5000,0.6,homogeneous,learned,dr,linear,4,0.7814393265252191,0.3,0.4814393265252191,0.02409815788269043
5000,0.6,homogeneous,raw,dr,lgbm,5,0.6046247052869675,0.3,0.30462470528696756,2.3047940731048584
5000,0.6,homogeneous,raw,dr,linear,5,0.627334705658573,0.3,0.327334705658573,0.08151698112487793
5000,0.6,homogeneous,concept,dr,lgbm,5,0.6451003549937625,0.3,0.3451003549937625,3.2720630168914795
5000,0.6,homogeneous,concept,dr,linear,5,0.6542964296750501,0.3,0.3542964296750501,0.01726675033569336
5000,0.6,homogeneous,learned,dr,lgbm,5,0.8461899576922635,0.3,0.5461899576922635,3.1033999919891357
5000,0.6,homogeneous,learned,dr,linear,5,0.8741868304768163,0.3,0.5741868304768163,0.021938085556030273
5000,0.6,homogeneous,raw,dr,lgbm,6,0.6228873502530975,0.3,0.3228873502530975,2.3442981243133545
5000,0.6,homogeneous,raw,dr,linear,6,0.6335955195945419,0.3,0.33359551959454187,0.08457803726196289
5000,0.6,homogeneous,concept,dr,lgbm,6,0.6581360864017125,0.3,0.3581360864017125,3.2618348598480225
5000,0.6,homogeneous,concept,dr,linear,6,0.6668620151265383,0.3,0.3668620151265383,0.01739025115966797
5000,0.6,homogeneous,learned,dr,lgbm,6,0.8423100801622879,0.3,0.542310080162288,3.079836130142212
5000,0.6,homogeneous,learned,dr,linear,6,0.8615563251416761,0.3,0.5615563251416762,0.020704984664916992
5000,0.6,homogeneous,raw,dr,lgbm,7,0.5744691917934874,0.3,0.27446919179348744,2.427588939666748
5000,0.6,homogeneous,raw,dr,linear,7,0.6033982476282073,0.3,0.3033982476282073,0.09253787994384766
5000,0.6,homogeneous,concept,dr,lgbm,7,0.6233212528006106,0.3,0.3233212528006106,3.3047499656677246
5000,0.6,homogeneous,concept,dr,linear,7,0.6367975205024496,0.3,0.33679752050244965,0.0179140567779541
5000,0.6,homogeneous,learned,dr,lgbm,7,0.8054145006910067,0.3,0.5054145006910067,3.087682008743286
5000,0.6,homogeneous,learned,dr,linear,7,0.8446317647544949,0.3,0.5446317647544949,0.02126002311706543
5000,0.6,homogeneous,raw,dr,lgbm,8,0.5912391029162862,0.3,0.29123910291628624,2.3779499530792236
5000,0.6,homogeneous,raw,dr,linear,8,0.6120119251840923,0.3,0.3120119251840923,0.0832068920135498
5000,0.6,homogeneous,concept,dr,lgbm,8,0.6492424437392545,0.3,0.34924244373925456,3.4954092502593994
5000,0.6,homogeneous,concept,dr,linear,8,0.654047943340235,0.3,0.354047943340235,0.017812013626098633
5000,0.6,homogeneous,learned,dr,lgbm,8,0.8113867642709894,0.3,0.5113867642709895,3.090395212173462
5000,0.6,homogeneous,learned,dr,linear,8,0.8427625211168714,0.3,0.5427625211168714,0.02171492576599121
5000,0.6,homogeneous,raw,dr,lgbm,9,0.552110862081836,0.3,0.25211086208183603,2.3566699028015137
5000,0.6,homogeneous,raw,dr,linear,9,0.5743436739203512,0.3,0.27434367392035125,0.08218693733215332
5000,0.6,homogeneous,concept,dr,lgbm,9,0.5999696550542151,0.3,0.2999696550542151,3.349137306213379
5000,0.6,homogeneous,concept,dr,linear,9,0.610265472418165,0.3,0.310265472418165,0.01942300796508789
5000,0.6,homogeneous,learned,dr,lgbm,9,0.8110593601660718,0.3,0.5110593601660718,2.991854190826416
5000,0.6,homogeneous,learned,dr,linear,9,0.8340929250923368,0.3,0.5340929250923367,0.021293163299560547
10000,0.6,homogeneous,raw,dr,lgbm,0,0.5807506779996456,0.3,0.28075067799964565,3.0178189277648926
10000,0.6,homogeneous,raw,dr,linear,0,0.5979682451323962,0.3,0.2979682451323962,0.17585206031799316
10000,0.6,homogeneous,concept,dr,lgbm,0,0.6360181039274431,0.3,0.3360181039274431,3.583199977874756
10000,0.6,homogeneous,concept,dr,linear,0,0.6434172450429144,0.3,0.34341724504291443,0.027956247329711914
10000,0.6,homogeneous,learned,dr,lgbm,0,0.8041593230845129,0.3,0.504159323084513,3.4258439540863037
10000,0.6,homogeneous,learned,dr,linear,0,0.8349896590495264,0.3,0.5349896590495264,0.03402304649353027
10000,0.6,homogeneous,raw,dr,lgbm,1,0.5733683749045942,0.3,0.27336837490459426,3.151559829711914
10000,0.6,homogeneous,raw,dr,linear,1,0.5976157447278166,0.3,0.29761574472781666,0.16876482963562012
10000,0.6,homogeneous,concept,dr,lgbm,1,0.6373674013192011,0.3,0.3373674013192011,3.672901153564453
10000,0.6,homogeneous,concept,dr,linear,1,0.6510380525979258,0.3,0.3510380525979258,0.025905132293701172
10000,0.6,homogeneous,learned,dr,lgbm,1,0.8230335735122205,0.3,0.5230335735122205,3.543739080429077
10000,0.6,homogeneous,learned,dr,linear,1,0.8497206473585464,0.3,0.5497206473585463,0.03344106674194336
10000,0.6,homogeneous,raw,dr,lgbm,2,0.556286137577611,0.3,0.25628613757761104,3.0357611179351807
10000,0.6,homogeneous,raw,dr,linear,2,0.573767722680521,0.3,0.273767722680521,0.16941404342651367
10000,0.6,homogeneous,concept,dr,lgbm,2,0.5975455628485808,0.3,0.29754556284858086,3.7280538082122803
10000,0.6,homogeneous,concept,dr,linear,2,0.604308924418877,0.3,0.30430892441887697,0.02537083625793457
10000,0.6,homogeneous,learned,dr,lgbm,2,0.7659368501239245,0.3,0.46593685012392455,3.527761936187744
10000,0.6,homogeneous,learned,dr,linear,2,0.8004274100884058,0.3,0.5004274100884059,0.03333306312561035
10000,0.6,homogeneous,raw,dr,lgbm,3,0.5626270998683841,0.3,0.2626270998683841,3.1123390197753906
10000,0.6,homogeneous,raw,dr,linear,3,0.5850640775768073,0.3,0.28506407757680735,0.1625993251800537
10000,0.6,homogeneous,concept,dr,lgbm,3,0.6075457499959778,0.3,0.3075457499959778,3.7356979846954346
10000,0.6,homogeneous,concept,dr,linear,3,0.6213941005560698,0.3,0.3213941005560698,0.026623010635375977
10000,0.6,homogeneous,learned,dr,lgbm,3,0.7847409414309436,0.3,0.48474094143094365,3.5337600708007812
10000,0.6,homogeneous,learned,dr,linear,3,0.8259138553195392,0.3,0.5259138553195393,0.03397107124328613
10000,0.6,homogeneous,raw,dr,lgbm,4,0.5566435257912359,0.3,0.2566435257912359,3.1196773052215576
10000,0.6,homogeneous,raw,dr,linear,4,0.5721482417787684,0.3,0.27214824177876845,0.16494178771972656
10000,0.6,homogeneous,concept,dr,lgbm,4,0.5904401672069349,0.3,0.29044016720693494,3.659073829650879
10000,0.6,homogeneous,concept,dr,linear,4,0.6071210459571488,0.3,0.3071210459571488,0.026403188705444336
10000,0.6,homogeneous,learned,dr,lgbm,4,0.7805182111454694,0.3,0.4805182111454694,3.5022268295288086
10000,0.6,homogeneous,learned,dr,linear,4,0.8142165984806695,0.3,0.5142165984806695,0.03241705894470215
10000,0.6,homogeneous,raw,dr,lgbm,5,0.5726139806727483,0.3,0.2726139806727483,2.958692789077759
10000,0.6,homogeneous,raw,dr,linear,5,0.5958489388986667,0.3,0.29584893889866676,0.1638929843902588
10000,0.6,homogeneous,concept,dr,lgbm,5,0.6210355594781883,0.3,0.32103555947818835,3.6551358699798584
10000,0.6,homogeneous,concept,dr,linear,5,0.6331400463285283,0.3,0.3331400463285283,0.025722265243530273
10000,0.6,homogeneous,learned,dr,lgbm,5,0.8035735063865663,0.3,0.5035735063865663,3.549651861190796
10000,0.6,homogeneous,learned,dr,linear,5,0.8465606497478885,0.3,0.5465606497478885,0.03232884407043457
10000,0.6,homogeneous,raw,dr,lgbm,6,0.6011077069762991,0.3,0.3011077069762991,3.1526389122009277
10000,0.6,homogeneous,raw,dr,linear,6,0.6208871077508765,0.3,0.32088710775087653,0.16473698616027832
10000,0.6,homogeneous,concept,dr,lgbm,6,0.6211355302639341,0.3,0.3211355302639341,3.721482992172241
10000,0.6,homogeneous,concept,dr,linear,6,0.6366348826278294,0.3,0.3366348826278294,0.02744603157043457
10000,0.6,homogeneous,learned,dr,lgbm,6,0.8136334732873541,0.3,0.5136334732873542,3.4949100017547607
10000,0.6,homogeneous,learned,dr,linear,6,0.8475840388604744,0.3,0.5475840388604745,0.03343391418457031
10000,0.6,homogeneous,raw,dr,lgbm,7,0.5821836272899393,0.3,0.28218362728993934,3.1189541816711426
10000,0.6,homogeneous,raw,dr,linear,7,0.6058960031067141,0.3,0.3058960031067141,0.17107582092285156
10000,0.6,homogeneous,concept,dr,lgbm,7,0.6312126727872399,0.3,0.3312126727872399,3.680466890335083
10000,0.6,homogeneous,concept,dr,linear,7,0.6454281141250506,0.3,0.34542811412505064,0.025938987731933594
10000,0.6,homogeneous,learned,dr,lgbm,7,0.8305282165586894,0.3,0.5305282165586893,3.704587936401367
10000,0.6,homogeneous,learned,dr,linear,7,0.8710570319471249,0.3,0.5710570319471249,0.0323028564453125
10000,0.6,homogeneous,raw,dr,lgbm,8,0.5698911862397456,0.3,0.26989118623974556,3.009577751159668
10000,0.6,homogeneous,raw,dr,linear,8,0.5914672955679158,0.3,0.2914672955679158,0.1638338565826416
10000,0.6,homogeneous,concept,dr,lgbm,8,0.6321721796211106,0.3,0.3321721796211106,3.651002883911133
10000,0.6,homogeneous,concept,dr,linear,8,0.6380219909461592,0.3,0.3380219909461592,0.02569890022277832
10000,0.6,homogeneous,learned,dr,lgbm,8,0.7900588337001229,0.3,0.4900588337001229,3.4506778717041016
10000,0.6,homogeneous,learned,dr,linear,8,0.8275839856412535,0.3,0.5275839856412534,0.03251290321350098
10000,0.6,homogeneous,raw,dr,lgbm,9,0.5484126626807433,0.3,0.2484126626807433,3.079777240753174
10000,0.6,homogeneous,raw,dr,linear,9,0.5683046481898609,0.3,0.26830464818986094,0.17620491981506348
10000,0.6,homogeneous,concept,dr,lgbm,9,0.6026372239855642,0.3,0.3026372239855642,3.8964710235595703
10000,0.6,homogeneous,concept,dr,linear,9,0.6034784382810983,0.3,0.3034784382810983,0.028935909271240234
10000,0.6,homogeneous,learned,dr,lgbm,9,0.779568647336596,0.3,0.47956864733659604,3.8284952640533447
10000,0.6,homogeneous,learned,dr,linear,9,0.8202621751615796,0.3,0.5202621751615797,0.03623318672180176
