N,gamma,tau_regime,rep,seed,prop_auc_cv,outcome_r2_cv,outcome_r2_t0,outcome_r2_t1
1000,0.3,homogeneous,raw,0,0.5284325642985743,0.25518552757811935,0.25762445763262487,0.2514810569915531
1000,0.3,homogeneous,concept,0,0.5873654398035014,0.37124511383545394,0.36140037227395805,0.3861982099603457
1000,0.3,homogeneous,learned,0,0.43308227961786366,-0.17456004088739652,-0.15477958848145001,-0.20460440562489213
1000,0.3,homogeneous,raw,1,0.5522221667581824,0.2814086231435434,0.2721501354502547,0.2951811993639083
1000,0.3,homogeneous,concept,1,0.556315412902045,0.38506526937955965,0.36461008400173567,0.41549362971771575
1000,0.3,homogeneous,learned,1,0.47700044925872315,-0.08223313929470714,-0.06376930809488623,-0.10969923645264967
1000,0.3,homogeneous,raw,2,0.5113329923273657,0.32949415043185865,0.34195316044952895,0.312637842760893
1000,0.3,homogeneous,concept,2,0.5568040920716113,0.4094033196976933,0.38612493165511763,0.44089760940235445
1000,0.3,homogeneous,learned,2,0.46341483375959086,-0.07004802630217406,-0.03599516559273774,-0.11611954373258793
1000,0.3,homogeneous,raw,3,0.5143390804597701,0.2991601031491937,0.3338725458729065,0.2512238727212095
1000,0.3,homogeneous,concept,3,0.5284646962233169,0.4187449866464525,0.41932630501601964,0.41794221365990747
1000,0.3,homogeneous,learned,3,0.47733579638752055,-0.09611714417149823,-0.12310039546388385,-0.058854559053441946
1000,0.3,homogeneous,raw,4,0.5342940120523005,0.29150276695049643,0.31471989058117933,0.25930909432656624
1000,0.3,homogeneous,concept,4,0.5297014857931557,0.3745349146625191,0.3926866500408842,0.3493650858920414
1000,0.3,homogeneous,learned,4,0.4312168551464638,-0.10180442300019346,-0.02259323970213445,-0.21164140986456648
1000,0.3,homogeneous,raw,5,0.5030469263897336,0.3154360595511411,0.3160283879881677,0.3145801522008167
1000,0.3,homogeneous,concept,5,0.5181471046959486,0.45013409833273454,0.48103091766232353,0.4054885721132063
1000,0.3,homogeneous,learned,5,0.4698141230106032,-0.09869852599247275,-0.08529503178289888,-0.11806641126840955
1000,0.3,homogeneous,raw,6,0.4668687198963744,0.29607215047779284,0.3017508502605284,0.2873012324927534
1000,0.3,homogeneous,concept,6,0.594526956499868,0.3783555516178716,0.3600370676285177,0.40664898617649203
1000,0.3,homogeneous,learned,6,0.47026422022963643,-0.07676515873490186,-0.05575481369266555,-0.10921625145917013
1000,0.3,homogeneous,raw,7,0.49964034725093015,0.3114781137241473,0.35127353475881484,0.2542115322352355
1000,0.3,homogeneous,concept,7,0.5451922281934684,0.43835851212557986,0.45397726972642594,0.41588273899265504
1000,0.3,homogeneous,learned,7,0.4690450599421248,-0.11013075390956607,-0.13581871970614667,-0.07316514459253542
1000,0.3,homogeneous,raw,8,0.544664835723731,0.33175247251892687,0.4019960292149707,0.24051658853441027
1000,0.3,homogeneous,concept,8,0.6051795341267419,0.3998567342604517,0.43563147320854123,0.353390694017531
1000,0.3,homogeneous,learned,8,0.48873563218390803,-0.14439262464670957,-0.1281253971081071,-0.1655213224842047
1000,0.3,homogeneous,raw,9,0.522826987763857,0.2864423450092869,0.3584897809061749,0.1939979181278918
1000,0.3,homogeneous,concept,9,0.551252051544549,0.39329932857816957,0.44505979589694955,0.3268852129773606
1000,0.3,homogeneous,learned,9,0.43880303547343963,-0.10112741361341887,-0.09008742429219252,-0.11529287936348553
2000,0.3,homogeneous,raw,0,0.5059782267662849,0.358559618076139,0.34406246579308397,0.3788695541077419
2000,0.3,homogeneous,concept,0,0.5929415467986681,0.46620653074583523,0.44599368836962494,0.4945239221660481
2000,0.3,homogeneous,learned,0,0.49974642813423564,-0.09436745133611872,-0.04790076170811641,-0.1594654426877138
2000,0.3,homogeneous,raw,1,0.5141053632806589,0.3161690500724917,0.3072227538715461,0.3287541526704526
2000,0.3,homogeneous,concept,1,0.5851175421205037,0.423656222620669,0.4195241506326792,0.4294689688949891
2000,0.3,homogeneous,learned,1,0.5201314750591648,-0.0845243940749401,-0.07551980118914225,-0.09719150488540662
2000,0.3,homogeneous,raw,2,0.5078345801521231,0.3399864322306463,0.3589992653639914,0.3136766595634072
2000,0.3,homogeneous,concept,2,0.5689836245314805,0.4265811902925924,0.4509023999642149,0.392925738053315
2000,0.3,homogeneous,learned,2,0.49539411074461104,-0.0896435265681303,-0.05320960983191436,-0.14006042445936595
2000,0.3,homogeneous,raw,3,0.5128057406981792,0.33035763361308257,0.34513161411281745,0.3105725953999873
2000,0.3,homogeneous,concept,3,0.5595342066957788,0.4551510187757556,0.42996877660305843,0.48887460624679446
2000,0.3,homogeneous,learned,3,0.5082499553104012,-0.03729670397870685,-0.010684901802270774,-0.07293473145475282
2000,0.3,homogeneous,raw,4,0.5428555246627536,0.3113100203906473,0.3359187745316542,0.27662057178224
2000,0.3,homogeneous,concept,4,0.5520996807743797,0.41988913247258747,0.4122126507280276,0.430710197100461
2000,0.3,homogeneous,learned,4,0.5075162187210379,-0.046088625110912045,-0.015490423476693715,-0.08922102982420776
2000,0.3,homogeneous,raw,5,0.5599969497617517,0.36806349201466493,0.36492196555640954,0.37251019371644667
2000,0.3,homogeneous,concept,5,0.5449126972350002,0.46806768263313014,0.4763316302219823,0.45637040416195285
2000,0.3,homogeneous,learned,5,0.500233920298099,-0.06465435357405973,-0.049466342845300604,-0.08615235909834196
2000,0.3,homogeneous,raw,6,0.5386273059975382,0.38718055243454713,0.3868842932076795,0.38761489549341965
2000,0.3,homogeneous,concept,6,0.5934869472424474,0.4725737294090199,0.437213913303807,0.5244144462389806
2000,0.3,homogeneous,learned,6,0.49837028494865077,-0.027726420270213083,-0.0209802409847637,-0.03761693466034788
2000,0.3,homogeneous,raw,7,0.5243554337775276,0.35570240978131273,0.39043973874406757,0.3064316880481671
2000,0.3,homogeneous,concept,7,0.558184916361792,0.4645452517925612,0.48523896649422726,0.4351937072398957
2000,0.3,homogeneous,learned,7,0.5089421289781881,-0.061625386176499194,-0.02889211214646581,-0.10805359710422491
2000,0.3,homogeneous,raw,8,0.5096450127877237,0.3272018649222151,0.38030975268797307,0.2553500167685425
2000,0.3,homogeneous,concept,8,0.6065964194373401,0.43241376503226153,0.44402161844013444,0.4167090221863159
2000,0.3,homogeneous,learned,8,0.541769820971867,-0.07797870711556301,-0.05488559888394451,-0.10922232413481159
2000,0.3,homogeneous,raw,9,0.5308824744750382,0.37162523974540546,0.3943867379122704,0.3413913987577536
2000,0.3,homogeneous,concept,9,0.58702055566722,0.4483398312058727,0.4476515636946077,0.44925404916903144
2000,0.3,homogeneous,learned,9,0.5083556180422989,-0.0749483287309255,-0.07528792184456878,-0.07449725103282656
5000,0.3,homogeneous,raw,0,0.5340357129774324,0.401428674825434,0.4011271969721836,0.40184602828656224
5000,0.3,homogeneous,concept,0,0.5882305496542064,0.5149629313097461,0.49303253999051777,0.5453224572991215
5000,0.3,homogeneous,learned,0,0.5300577847624783,-0.01674702692285395,-0.0063325151243731614,-0.031164445974351196
5000,0.3,homogeneous,raw,1,0.5282059623865565,0.3633797495472581,0.3565677670753208,0.3729980190578034
5000,0.3,homogeneous,concept,1,0.5835937709872536,0.48161023396501207,0.44349561657513237,0.5354266763674131
5000,0.3,homogeneous,learned,1,0.5228727793580107,-0.029729973631413043,-0.022976591519755507,-0.03926550158164055
5000,0.3,homogeneous,raw,2,0.5221732855971233,0.373548273545671,0.3784349863644745,0.3667777515867944
5000,0.3,homogeneous,concept,2,0.5842635454124872,0.4711751022286605,0.4648892021003065,0.4798841928645097
5000,0.3,homogeneous,learned,2,0.5256015327634429,-0.006115185381554575,0.0003974028528082041,-0.015138351523057203
5000,0.3,homogeneous,raw,3,0.5168917727921079,0.39043700718370244,0.38405910231899454,0.3991654615437882
5000,0.3,homogeneous,concept,3,0.5728679932162359,0.4969200747894831,0.47991687093135516,0.5201897365356374
5000,0.3,homogeneous,learned,3,0.5235269801870208,-0.0369762826401953,-0.024558642688615073,-0.05397039056066677
5000,0.3,homogeneous,raw,4,0.541029138198544,0.37440468136408006,0.38252016835317604,0.3629080683311945
5000,0.3,homogeneous,concept,4,0.578537389439961,0.47759714673986253,0.46721484476845043,0.4923049896969476
5000,0.3,homogeneous,learned,4,0.5246325219042324,-0.01676583982530265,-0.005177323683063895,-0.03318243760824213
5000,0.3,homogeneous,raw,5,0.5374742748696799,0.4098795154557635,0.42072276521939966,0.3948438875018909
5000,0.3,homogeneous,concept,5,0.5704495992835987,0.510052739584723,0.5197383402585749,0.4966223481968759
5000,0.3,homogeneous,learned,5,0.5377292874190249,-0.030191325411084442,-0.008286932552594717,-0.06056471980436018
5000,0.3,homogeneous,raw,6,0.5377265840550682,0.4197110473058092,0.4211234125209966,0.4177168394018759
5000,0.3,homogeneous,concept,6,0.5783921046477306,0.5186472346795625,0.5031484872145588,0.5405308978875056
5000,0.3,homogeneous,learned,6,0.5149067904307929,-0.00726956841687344,-0.0003431318862596733,-0.017049442862173247
5000,0.3,homogeneous,raw,7,0.5258495954221063,0.38960504162205295,0.40307411589179787,0.3704297284227118
5000,0.3,homogeneous,concept,7,0.5848195858380655,0.5013346829568007,0.49713622821996406,0.507311833495865
5000,0.3,homogeneous,learned,7,0.5240699379158151,-0.04001737315796486,-0.03128030761164591,-0.0524559390860011
5000,0.3,homogeneous,raw,8,0.5463900598952695,0.3913659067471204,0.409957104473311,0.3674337793905329
5000,0.3,homogeneous,concept,8,0.593879218467849,0.49960811243785036,0.4996208653445622,0.4995916958415617
5000,0.3,homogeneous,learned,8,0.5261769508229341,-0.031598448792794304,-0.022152070002511515,-0.04375860886409155
5000,0.3,homogeneous,raw,9,0.5339399387050484,0.39108001191462965,0.412809103109093,0.36090014182274943
5000,0.3,homogeneous,concept,9,0.5700693467553072,0.4954886702395317,0.49638819512462873,0.4942393062447984
5000,0.3,homogeneous,learned,9,0.5096117893264211,-0.029204082672828837,-0.028566369191290963,-0.03008981276878231
10000,0.3,homogeneous,raw,0,0.5495305704412026,0.41002925422119313,0.4134162114052884,0.40534818571663833
10000,0.3,homogeneous,concept,0,0.5811889215642321,0.5189575867874505,0.50268437713833,0.541448573539284
10000,0.3,homogeneous,learned,0,0.5331668007565527,0.020174664719283156,0.017278238228782827,0.0241777772723758
10000,0.3,homogeneous,raw,1,0.5403090617470855,0.40066684593142593,0.3991015028574655,0.4028770529634965
10000,0.3,homogeneous,concept,1,0.5821840249743271,0.5103404180345036,0.48927781324959896,0.5400800437968845
10000,0.3,homogeneous,learned,1,0.5425376763176514,0.0023183396637113064,0.013734509889711366,-0.013800874157563259
10000,0.3,homogeneous,raw,2,0.5339478403944117,0.40348580935837824,0.40116754288769974,0.4067349455550353
10000,0.3,homogeneous,concept,2,0.5826822518022227,0.5073298094215958,0.49288874989386444,0.5275694884330845
10000,0.3,homogeneous,learned,2,0.5349133109343509,0.004318907244389532,0.007552712259103922,-0.00021339008170873086
10000,0.3,homogeneous,raw,3,0.5344078913600117,0.4132244211964717,0.41521477150407016,0.4105127863691812
10000,0.3,homogeneous,concept,3,0.5806257087018603,0.5156189518499036,0.4968077568142968,0.5412471497639939
10000,0.3,homogeneous,learned,3,0.5330047533333488,0.01879175741000405,0.019973781291613424,0.017181379019916343
10000,0.3,homogeneous,raw,4,0.5398220512465812,0.41059594137386884,0.40289743647551257,0.4213017035048129
10000,0.3,homogeneous,concept,4,0.5839783243085763,0.509805867878822,0.49227452671185246,0.534185454674964
10000,0.3,homogeneous,learned,4,0.5311383194278634,0.01199481543954593,0.022227170195958768,-0.002234591115092721
10000,0.3,homogeneous,raw,5,0.5424633262383736,0.4176299291098383,0.4272427136715392,0.40411281819102696
10000,0.3,homogeneous,concept,5,0.574361741829103,0.5184695601895575,0.5182294736510737,0.5188071602210539
10000,0.3,homogeneous,learned,5,0.5330891435257009,0.007817638860253273,0.013752211997895447,-0.0005273191321386594
10000,0.3,homogeneous,raw,6,0.5442330716876304,0.4211634545508996,0.42165308873464047,0.42045681660236367
10000,0.3,homogeneous,concept,6,0.5846890753250842,0.5272167983507073,0.5115438276080948,0.5498359623322886
10000,0.3,homogeneous,learned,6,0.5301361178898383,0.011626924276271138,0.033856346152675965,-0.02045448178869913
10000,0.3,homogeneous,raw,7,0.5317010720334105,0.41182326044617074,0.41665776536057886,0.40509196412993753
10000,0.3,homogeneous,concept,7,0.5792527006363143,0.5246493275558126,0.5172029912866638,0.5350171928874985
10000,0.3,homogeneous,learned,7,0.5368663575527385,0.015502909004465198,0.01578183012774581,0.015114554713198891
10000,0.3,homogeneous,raw,8,0.5462248220370077,0.40877695410752113,0.4259040723891787,0.385567006252444
10000,0.3,homogeneous,concept,8,0.5879141029664837,0.5114147446361066,0.5157272172102088,0.5055706638091202
10000,0.3,homogeneous,learned,8,0.5320680888643522,0.0009636703318541394,0.010663512909890316,-0.012181146953595734
10000,0.3,homogeneous,raw,9,0.536104695238395,0.41041216072728737,0.40578137470456144,0.41674440979624217
10000,0.3,homogeneous,concept,9,0.5806853102965248,0.5129322424895365,0.5052978696447363,0.5233716689932214
10000,0.3,homogeneous,learned,9,0.5279992182909427,0.014107965859283488,0.022296405282303033,0.002910895284624182
20000,0.3,homogeneous,raw,0,0.5505277748840918,0.4226950019722749,0.4325619772826451,0.4088575320925665
20000,0.3,homogeneous,concept,0,0.5847594266643517,0.5322029173148521,0.5225266727581771,0.5457729059273664
20000,0.3,homogeneous,learned,0,0.5366386172039277,0.04406058789168768,0.04981588271021575,0.03598934861164982
20000,0.3,homogeneous,raw,1,0.5514401152796429,0.42484886564887986,0.42874821019848297,0.4193781644226734
20000,0.3,homogeneous,concept,1,0.5842441527382625,0.5331082639339291,0.5186176599239524,0.5534382871256264
20000,0.3,homogeneous,learned,1,0.5432569065267548,0.04091251197136523,0.04518171051244346,0.03492291310507056
20000,0.3,homogeneous,raw,2,0.547449046979156,0.41938862948487315,0.4232548241951072,0.41394317990263585
20000,0.3,homogeneous,concept,2,0.584674598705089,0.5246044213227186,0.5146738395901052,0.5385914256513127
20000,0.3,homogeneous,learned,2,0.5387996853575749,0.043684012663951034,0.05130690490194423,0.032947337854754455
20000,0.3,homogeneous,raw,3,0.5506883544070449,0.4195387307806271,0.4273990648053978,0.4086817555429363
20000,0.3,homogeneous,concept,3,0.5861379898163527,0.5279119641271242,0.5174420703734992,0.5423733568448054
20000,0.3,homogeneous,learned,3,0.5431025961762147,0.0349785029717589,0.043834611719932415,0.022746127976216446
20000,0.3,homogeneous,raw,4,0.5526173035487736,0.4269131939199529,0.42531266591387495,0.4291171061470054
20000,0.3,homogeneous,concept,4,0.5868251359978854,0.5301857475123457,0.5148431395675197,0.5513123764223475
20000,0.3,homogeneous,learned,4,0.5381021909880253,0.04608758175836324,0.05587183964038833,0.03261474935746678
20000,0.3,homogeneous,raw,5,0.5452022531627408,0.42999052390808845,0.43394848234344996,0.42445128153874334
20000,0.3,homogeneous,concept,5,0.5865611858339861,0.5328523142977448,0.5205850701328469,0.5500205690288227
20000,0.3,homogeneous,learned,5,0.5397842334662086,0.044674315013690534,0.04964055716930793,0.03772395931539696
20000,0.3,homogeneous,raw,6,0.555599103755398,0.43361051521244465,0.43899848344565784,0.4260263678005074
20000,0.3,homogeneous,concept,6,0.5799056087106118,0.5376133425478289,0.5281081477685416,0.5509929311543302
20000,0.3,homogeneous,learned,6,0.5335261272881349,0.05876393044321918,0.0670560865640355,0.047091824806923865
20000,0.3,homogeneous,raw,7,0.5512259315209267,0.4309891690900844,0.44003746467430727,0.4186188457034874
20000,0.3,homogeneous,concept,7,0.5863042458000074,0.5369016558095553,0.5323046816603735,0.5431863816229295
20000,0.3,homogeneous,learned,7,0.537934318341363,0.05076939735449933,0.05118085831514785,0.050206870954161875
20000,0.3,homogeneous,raw,8,0.5540390876546359,0.42440182451740666,0.42700208719979804,0.4208570731802036
20000,0.3,homogeneous,concept,8,0.585916888950327,0.5298850330415672,0.5182973625447305,0.5456816718838224
20000,0.3,homogeneous,learned,8,0.5412437444329226,0.039343966885919505,0.04502088857864284,0.031605027317332834
20000,0.3,homogeneous,raw,9,0.5536112155738607,0.42566761793990116,0.42721246079893893,0.42353031836290567
20000,0.3,homogeneous,concept,9,0.5852175663847985,0.5301036769159522,0.5170852763530718,0.5481147139954994
20000,0.3,homogeneous,learned,9,0.5379572120509158,0.046805701231692545,0.046800740739598945,0.046812564102949206
