N,gamma,rep,seed,ate_hat,ate_bias,p_T1,p_min_pre,p_max_pre,p_min_post,p_max_post,wall_s
2000,0.0,raw,0,0.3657454062849342,0.0657454062849342,0.4165,4.097307694318121e-07,0.9999907724237596,0.02,0.98,4.572500944137573
2000,0.0,concept,0,0.2787689134997286,0.02123108650027139,0.4165,0.0780930208671526,0.844186482711023,0.0780930208671526,0.844186482711023,2.6795780658721924
2000,0.0,raw,1,0.5856811428774559,0.2856811428774559,0.4155,1.1600727436077923e-05,0.9999529577385323,0.02,0.98,3.457379102706909
2000,0.0,concept,1,0.32751068316000764,0.027510683160007654,0.4155,0.05181468039490622,0.7860603858147166,0.05181468039490622,0.7860603858147166,2.7242591381073
2000,0.0,raw,2,0.18552623382046773,0.11447376617953225,0.4195,5.275052436915705e-06,0.9999996893385449,0.02,0.98,3.503282308578491
2000,0.0,concept,2,0.32408934040820114,0.024089340408201154,0.4195,0.16473238189494627,0.7201111543945833,0.16473238189494627,0.7201111543945833,2.7809929847717285
5000,0.0,raw,0,0.2846126074603132,0.015387392539686795,0.4194,0.0001620717888438136,0.9999636907133932,0.02,0.98,4.123539209365845
5000,0.0,concept,0,0.3020390077960453,0.0020390077960453223,0.4194,0.16554415646441603,0.7320595893400146,0.16554415646441603,0.7320595893400146,3.1739089488983154
5000,0.0,raw,1,0.26598524839193166,0.03401475160806833,0.4146,1.2361801802295835e-05,0.9999971514847151,0.02,0.98,4.217421054840088
5000,0.0,concept,1,0.30572806890763377,0.0057280689076337765,0.4146,0.07767642388113224,0.8013423136043065,0.07767642388113224,0.8013423136043065,3.2970778942108154
5000,0.0,raw,2,0.2822315339754722,0.017768466024527807,0.4192,0.0006793117281768973,0.9993397513971645,0.02,0.98,4.237234830856323
5000,0.0,concept,2,0.31948209584173315,0.01948209584173316,0.4192,0.0966216633279299,0.9103003846866365,0.0966216633279299,0.9103003846866365,3.2928690910339355
2000,0.3,raw,0,0.48967642022028407,0.18967642022028408,0.4165,4.097307694318121e-07,0.9999907724237596,0.02,0.98,3.318950891494751
2000,0.3,concept,0,0.3620356511123481,0.0620356511123481,0.4165,0.0780930208671526,0.844186482711023,0.0780930208671526,0.844186482711023,2.6832478046417236
2000,0.3,raw,1,0.7447726299145527,0.44477262991455274,0.4155,1.1600727436077923e-05,0.9999529577385323,0.02,0.98,3.485203981399536
2000,0.3,concept,1,0.3762369057962329,0.07623690579623293,0.4155,0.05181468039490622,0.7860603858147166,0.05181468039490622,0.7860603858147166,2.692110061645508
2000,0.3,raw,2,0.4401031469232314,0.1401031469232314,0.4195,5.275052436915705e-06,0.9999996893385449,0.02,0.98,3.402669906616211
2000,0.3,concept,2,0.3836629398635185,0.08366293986351853,0.4195,0.16473238189494627,0.7201111543945833,0.16473238189494627,0.7201111543945833,2.7403268814086914
5000,0.3,raw,0,0.38146305464446173,0.08146305464446174,0.4194,0.0001620717888438136,0.9999636907133932,0.02,0.98,4.054628133773804
5000,0.3,concept,0,0.37392533040358594,0.07392533040358595,0.4194,0.16554415646441603,0.7320595893400146,0.16554415646441603,0.7320595893400146,3.172729730606079
5000,0.3,raw,1,0.3744234214435876,0.0744234214435876,0.4146,1.2361801802295835e-05,0.9999971514847151,0.02,0.98,4.1438679695129395
5000,0.3,concept,1,0.37940377153154914,0.07940377153154915,0.4146,0.07767642388113224,0.8013423136043065,0.07767642388113224,0.8013423136043065,3.1701717376708984
5000,0.3,raw,2,0.3012665494907208,0.001266549490720803,0.4192,0.0006793117281768973,0.9993397513971645,0.02,0.98,4.176263332366943
5000,0.3,concept,2,0.37567321735618886,0.07567321735618887,0.4192,0.0966216633279299,0.9103003846866365,0.0966216633279299,0.9103003846866365,3.3314788341522217
