gamma,N,tau_regime,winner,margin,concept_bias,raw_bias,learned_bias
0.0,1000,heterogeneous,concept,0.017301929119492302,0.0216337302879487,0.3202229409479683,0.038935659407441
0.0,2000,heterogeneous,concept,0.00123255282586935,0.0210399642978627,0.1565810562210685,0.02227251712373205
0.0,5000,heterogeneous,concept,0.00519662803114695,0.01415219189810875,0.0359117095022619,0.0193488199292557
0.0,10000,heterogeneous,learned,0.004699256732746449,0.01138330925831765,0.0240461328743476,0.0066840525255712005
0.0,20000,heterogeneous,learned,0.0035082454769495494,0.007464264516323899,0.041000143089106905,0.00395601903937435
0.3,1000,heterogeneous,concept,0.013759327251211192,0.0813922854357256,0.4497635504699259,0.0951516126869368
0.3,2000,heterogeneous,learned,0.023783440951281445,0.08518099441489604,0.2066618527712345,0.0613975534636146
0.3,5000,heterogeneous,learned,0.012105852926601907,0.08369342356260201,0.07952333475529916,0.06741748182869725
0.3,10000,heterogeneous,raw,0.022770092788328047,0.08330216008105254,0.0438920333942939,0.06666212618262195
0.3,20000,heterogeneous,raw,0.036401642875523894,0.078551996898395,0.02943345614593195,0.06583509902145585
0.6,1000,heterogeneous,learned,0.024494834326237058,0.1556027357942192,0.5293574199039062,0.13110790146798215
0.6,2000,heterogeneous,learned,0.020307807505672987,0.15590228467753714,0.34925603632182106,0.13559447717186415
0.6,5000,heterogeneous,learned,0.007696113914989533,0.15696244093666867,0.15514948714380417,0.14745337322881463
0.6,10000,heterogeneous,raw,0.024814596872041947,0.15737294241022948,0.11460643520183535,0.1394210320738773
0.6,20000,heterogeneous,raw,0.03262587578305953,0.14958022677981175,0.1032899270049818,0.13591580278804133
0.0,1000,homogeneous,concept,0.0096139404385897,0.0194988583341127,0.3335165743749077,0.0291127987727024
0.0,2000,homogeneous,learned,0.0016501439565461996,0.0226602134542362,0.13066633839628214,0.02101006949769
0.0,5000,homogeneous,concept,0.004457147117541298,0.01525802646463685,0.03332842807173095,0.01971517358217815
0.0,10000,homogeneous,learned,0.0052264013130376,0.01242983795428565,0.0184769238815193,0.00720343664124805
0.0,20000,homogeneous,learned,0.00560530095910135,0.0069477276068085,0.0376055866505359,0.00134242664770715
0.3,1000,homogeneous,concept,0.00402168415668315,0.0787215277261497,0.4316746102140766,0.08274321188283285
0.3,2000,homogeneous,learned,0.0235004422529541,0.083173117843096,0.1648897835717577,0.0596726755901419
0.3,5000,homogeneous,learned,0.009105146754343096,0.0829810425727653,0.0773380746942273,0.0682329279398842
0.3,10000,homogeneous,raw,0.017919430095397357,0.08353349854598441,0.048709224806315246,0.0666286549017126
0.3,20000,homogeneous,raw,0.0336692466353361,0.0777701673092532,0.03362159711753725,0.06729084375287335
0.6,1000,homogeneous,learned,0.024325440014915045,0.15524492135055878,0.5432132413096673,0.13091948133564374
0.6,2000,homogeneous,learned,0.021558321798332503,0.15872103603059529,0.29663325313509104,0.13716271423226278
0.6,5000,homogeneous,learned,0.0015565053332258216,0.1554856117957002,0.14434394358983696,0.14278743825661114
0.6,10000,homogeneous,raw,0.023993803304170058,0.15712379399392964,0.11629403916185854,0.1402878424660286
0.6,20000,homogeneous,raw,0.030971358504383983,0.1489690936496417,0.10670199203820746,0.13767335054259144
