rep,gamma,epsilon,N_T3,N_T3_value,status
raw,0.0,0.05,4486,4486.174342370363,within_grid
raw,0.0,0.1,2945,2945.1509168637026,within_grid
concept,0.0,0.05,1000,1000.0,within_grid
concept,0.0,0.1,1000,1000.0,within_grid
learned,0.0,0.05,1000,1000.0,within_grid
learned,0.0,0.1,1000,1000.0,within_grid
raw,0.3,0.05,9775,9774.567403381832,within_grid
raw,0.3,0.1,4223,4223.478595804241,within_grid
concept,0.3,0.05,>20k,,gt_max
concept,0.3,0.1,1000,1000.0,within_grid
learned,0.3,0.05,>20k,,gt_max
learned,0.3,0.1,1000,1000.0,within_grid
raw,0.6,0.05,>20k,,gt_max
raw,0.6,0.1,>20k,,gt_max
concept,0.6,0.05,>20k,,gt_max
concept,0.6,0.1,>20k,,gt_max
learned,0.6,0.05,>20k,,gt_max
learned,0.6,0.1,>20k,,gt_max
